,Antibody,Antigen,Concat,IC50,IC50_median
0,12A21,3016_V5_C45,12A21__3016_V5_C45,['0.097'],0.097
1,12A21,3365_V2_C20,12A21__3365_V2_C20,['0.045'],0.045
2,12A21,3415_V1_C1,12A21__3415_V1_C1,['0.082'],0.082
3,12A21,6540_V4_C1,12A21__6540_V4_C1,['0.066'],0.066
4,12A21,6631_V3_C10,12A21__6631_V3_C10,['2.37'],2.37
5,12A21,93TH057,12A21__93TH057,['0.282'],0.282
6,12A21,BG1168_1,12A21__BG1168_1,['0.094'],0.094
7,12A21,CAAN5342,12A21__CAAN5342,['0.539'],0.539
8,12A21,DRVI01_0507_16,12A21__DRVI01_0507_16,['1.43'],1.43
9,12A21,DU172_17,12A21__DU172_17,['0.126'],0.126
10,12A21,DU422_1,12A21__DU422_1,['21.5'],21.5
11,12A21,HXB2,12A21__HXB2,['6.51'],6.51
12,12A21,JRCSF,12A21__JRCSF,['0.186'],0.186
13,12A21,Q842_D12,12A21__Q842_D12,['0.015'],0.015
14,12A21,R1166_C1,12A21__R1166_C1,['0.292'],0.292
15,12A21,T251_18,12A21__T251_18,['1.713'],1.713
16,12A21,X1254_C3,12A21__X1254_C3,['26.793'],26.793
17,12A21,ZM109_4,12A21__ZM109_4,['2.104'],2.104
18,12A21,ZM53_12,12A21__ZM53_12,['0.42'],0.42
19,VRC01,0013095_2_11,VRC01__0013095_2_11,"['0.088', '0.112', '0.088', '0.145', '0.112', '0.142', '0.169', '0.142', '0.142', '0.175', '0.094', '0.134', '0.14', '0.142', '0.112', '0.11', '0.086', '0.11', '0.11', '0.097', '0.1266', '0.0002']",0.112
20,VRC01,001428_2_42,VRC01__001428_2_42,"['0.008', '0.026', '0.008', '0.026', '0.026', '0.02', '0.026', '0.023', '0.023', '0.016', '0.016', '0.019', '0.01', '0.026', '0.02', '0.014', '0.02', '0.02', '0.031', '0.0224', '0.019']",0.02
21,VRC01,0041_V3_C18,VRC01__0041_V3_C18,"['0.36', '0.36']",0.36
22,VRC01,0077_V1_C16,VRC01__0077_V1_C16,"['1.28', '1.03', '1.26', '1.28', '1.03', '1.04', '2.09', '1.04', '1.04', '1.04', '2.45', '1.01', '1.15', '1.04', '1.04', '1.03', '1.13', '1.26', '1', '1.38', '1.1772']",1.04
23,VRC01,00836_2_5,VRC01__00836_2_5,"['0.119', '0.242', '0.119', '0.242', '0.128', '0.255', '0.128', '0.128', '0.128', '0.247', '0.174', '0.226', '0.13', '0.128', '0.242', '0.122', '0.128', '0.199', '0.1834']",0.13
24,VRC01,0260_V5_C1,VRC01__0260_V5_C1,['0.124'],0.124
25,VRC01,0260_V5_C36,VRC01__0260_V5_C36,"['0.631', '0.468', '0.528', '0.468', '0.869', '0.528', '0.529', '0.718', '0.53', '0.529', '0.529', '0.855', '0.352', '0.488', '0.53', '1.1', '0.529', '0.528', '0.523', '0.718', '0.76', '0.76', '0.401', '0.4454']",0.529
26,VRC01,0301_BM_A12,VRC01__0301_BM_A12,['16.2'],16.2
27,VRC01,0301_BM_A2,VRC01__0301_BM_A2,['5.37'],5.37
28,VRC01,0301_BM_A6,VRC01__0301_BM_A6,['2.18'],2.18
29,VRC01,0330_V4_C3,VRC01__0330_V4_C3,"['0.047', '0.027', '0.047', '0.178', '0.027', '0.064', '0.072', '0.064', '0.064', '0.111', '0.065', '0.088', '0.06', '0.07', '0.064', '0.027', '0.066', '0.072', '0.07', '0.07', '0.078', '0.0828', '0.033']",0.065
30,VRC01,0404_BM_B9,VRC01__0404_BM_B9,['0.4'],0.4
31,VRC01,0404_BM_D4,VRC01__0404_BM_D4,['14.11'],14.11
32,VRC01,0404_BM_F3,VRC01__0404_BM_F3,['0.51'],0.51
33,VRC01,0404_BM_G3,VRC01__0404_BM_G3,['0.07'],0.07
34,VRC01,0404_BM_H4,VRC01__0404_BM_H4,['0.49'],0.49
35,VRC01,0439_V5_C1,VRC01__0439_V5_C1,"['0.129', '0.212', '0.129', '0.212', '0.052', '0.282', '0.052', '0.052', '0.271', '0.114', '0.193', '0.05', '0.052', '0.212', '0.228', '0.147', '0.052', '0.163', '0.1734']",0.147
36,VRC01,0702_BM_B4,VRC01__0702_BM_B4,['0.41'],0.41
37,VRC01,0702_BM_D1,VRC01__0702_BM_D1,['2.42'],2.42
38,VRC01,0815_V3_C3,VRC01__0815_V3_C3,"['0.015', '0.042', '0.015', '0.077', '0.042', '0.036', '0.028', '0.077', '0.036', '0.036', '0.033', '0.023', '0.04', '0.036', '0.042', '0.06', '0.029', '0.06', '0.06', '0.033', '0.0344', '0.019']",0.036
39,VRC01,0907_V4_C12,VRC01__0907_V4_C12,['0.2'],0.2
40,VRC01,0921_V2_C14,VRC01__0921_V2_C14,"['0.182', '0.405', '0.26', '0.182', '0.405', '0.26', '0.391', '0.232', '0.287', '0.405', '0.23', '0.26', '0.228', '0.2766']",0.26
41,VRC01,0933_V4_C4,VRC01__0933_V4_C4,"['0.91', '0.91']",0.91
42,VRC01,0984_V2_C2,VRC01__0984_V2_C2,"['1.49', '1.49']",1.49
43,VRC01,09GX268,VRC01__09GX268,['0.717'],0.717
44,VRC01,09GX285,VRC01__09GX285,['0.098'],0.098
45,VRC01,09GX286,VRC01__09GX286,['1.517'],1.517
46,VRC01,09GX300,VRC01__09GX300,['4.058'],4.058
47,VRC01,09GX310,VRC01__09GX310,['0.813'],0.813
48,VRC01,09GX311,VRC01__09GX311,['0.405'],0.405
49,VRC01,09GX319,VRC01__09GX319,['8.433'],8.433
50,VRC01,09GX330,VRC01__09GX330,['3.231'],3.231
51,VRC01,09GX332,VRC01__09GX332,['1.153'],1.153
52,VRC01,100002I_2_1,VRC01__100002I_2_1,['0.23'],0.23
53,VRC01,100014I_2_20,VRC01__100014I_2_20,['1.01'],1.01
54,VRC01,100046I_3_2,VRC01__100046I_3_2,['0.78'],0.78
55,VRC01,100052I_2_15,VRC01__100052I_2_15,['5'],5.0
56,VRC01,100155I_21,VRC01__100155I_21,['0.05'],0.05
57,VRC01,100307I_2_26,VRC01__100307I_2_26,['0.12'],0.12
58,VRC01,100307I_2_7,VRC01__100307I_2_7,['1.67'],1.67
59,VRC01,100383I_3_5,VRC01__100383I_3_5,['0.66'],0.66
60,VRC01,100504I_20,VRC01__100504I_20,['0.19'],0.19
61,VRC01,1006_11_C3_1601,VRC01__1006_11_C3_1601,"['0.385', '0.15', '0.385', '0.15', '0.15', '0.15', '0.145']",0.15
62,VRC01,100711I_3_26,VRC01__100711I_3_26,['0.12'],0.12
63,VRC01,100890I_2_1,VRC01__100890I_2_1,['0.44'],0.44
64,VRC01,100890I_2_4,VRC01__100890I_2_4,['0.5'],0.5
65,VRC01,100997I_2_18,VRC01__100997I_2_18,['0.8'],0.8
66,VRC01,100997I_2_2,VRC01__100997I_2_2,['0.07'],0.07
67,VRC01,1012_11_TC21_3257,VRC01__1012_11_TC21_3257,"['0.026', '0.338', '0.12', '0.338', '0.12', '0.12', '0.12', '0.081']",0.12
68,VRC01,101421I_2_11,VRC01__101421I_2_11,['0.15'],0.15
69,VRC01,101421I_2_23,VRC01__101421I_2_23,['0.96'],0.96
70,VRC01,101984I_10,VRC01__101984I_10,['0.39'],0.39
71,VRC01,101984I_21,VRC01__101984I_21,['1.99'],1.99
72,VRC01,102149I_2_23,VRC01__102149I_2_23,['0.4'],0.4
73,VRC01,102407I_2_1,VRC01__102407I_2_1,['1.41'],1.41
74,VRC01,102605I_33,VRC01__102605I_33,['0.64'],0.64
75,VRC01,1054_07_TC4_1499,VRC01__1054_07_TC4_1499,"['2.19', '0.71', '2.19', '0.71', '0.71', '0.71', '0.909']",0.71
76,VRC01,1056_10_TA11_1826,VRC01__1056_10_TA11_1826,"['1.44', '0.92', '1.44', '0.92', '0.92', '0.92', '0.372']",0.92
77,VRC01,1058_11_B11_1550,VRC01__1058_11_B11_1550,"['31.13', '31.13']",31.13
78,VRC01,1107356_07,VRC01__1107356_07,"['2.09', '2.09']",2.09
79,VRC01,1143465_14,VRC01__1143465_14,"['0.08', '0.08']",0.08
80,VRC01,1170887_08,VRC01__1170887_08,"['0.11', '0.11']",0.11
81,VRC01,1245045,VRC01__1245045,"['3.44', '3.44']",3.44
82,VRC01,1394_C9G1,VRC01__1394_C9G1,"['0.36', '0.915', '0.915', '0.36', '0.28']",0.36
83,VRC01,15JS06,VRC01__15JS06,['3.035'],3.035
84,VRC01,15JS07,VRC01__15JS07,['0.944'],0.944
85,VRC01,15JS102,VRC01__15JS102,['0.357'],0.357
86,VRC01,15JS111,VRC01__15JS111,['0.468'],0.468
87,VRC01,15JS47,VRC01__15JS47,['4.254'],4.254
88,VRC01,15JS48,VRC01__15JS48,['1.79'],1.79
89,VRC01,15JS62,VRC01__15JS62,['1.327'],1.327
90,VRC01,15JS75,VRC01__15JS75,['2.596'],2.596
91,VRC01,15JS76,VRC01__15JS76,['2.484'],2.484
92,VRC01,15JS79,VRC01__15JS79,['0.685'],0.685
93,VRC01,15JS99,VRC01__15JS99,['2.52'],2.52
94,VRC01,16055_2_3,VRC01__16055_2_3,"['0.126', '0.063', '0.116', '0.063', '0.098', '0.116', '0.105', '0.093', '0.098', '0.105', '0.105', '0.126', '0.095', '0.071', '0.11', '0.105', '0.116', '0.08', '0.1', '0.08', '0.08', '0.103', '0.087', '0.053']",0.099
95,VRC01,16845_2_22,VRC01__16845_2_22,"['3.6', '6.2', '3.6', '4.01', '6.2', '2.41', '6.62', '4.01', '2.41', '2.41', '9.57', '3.36', '6.09', '2.41', '2.41', '6.2', '2.8', '2.95', '2.8', '2.8', '3.74', '3.754', '0.9682']",3.6
96,VRC01,16936_2_21,VRC01__16936_2_21,"['0.11', '0.046', '0.11', '0.046', '0.109', '0.301', '0.109', '0.109', '0.325', '0.125', '0.239', '0.11', '0.109', '0.046', '0.154', '0.19', '0.19', '0.245', '0.2078']",0.11
97,VRC01,1811_B3_23,VRC01__1811_B3_23,"['2.08', '2.08']",2.08
98,VRC01,18814602_H8_F3,VRC01__18814602_H8_F3,"['0.02', '0.02']",0.02
99,VRC01,190049,VRC01__190049,['0.413'],0.413
100,VRC01,191084_B7_19,VRC01__191084_B7_19,"['0.168', '0.168', '0.168', '0.049']",0.168
101,VRC01,19157834_V1,VRC01__19157834_V1,"['0.35', '0.35']",0.35
102,VRC01,191647,VRC01__191647,['9.534'],9.534
103,VRC01,191727_F6,VRC01__191727_F6,['0.177'],0.177
104,VRC01,191821_E6_1,VRC01__191821_E6_1,"['1.57', '0.581', '0.612', '0.438', '1.57', '0.742', '0.6216']",0.6216
105,VRC01,191845_B11,VRC01__191845_B11,['18.889'],18.889
106,VRC01,191859,VRC01__191859,['2.123'],2.123
107,VRC01,191882,VRC01__191882,['11.315'],11.315
108,VRC01,191955_A11,VRC01__191955_A11,"['0.98', '0.98', '0.98', '0.091']",0.98
109,VRC01,19252094_A5_G2,VRC01__19252094_A5_G2,"['0.47', '0.47']",0.47
110,VRC01,19314479_A2_5,VRC01__19314479_A2_5,"['0.84', '0.84']",0.84
111,VRC01,19707346_E8_C6,VRC01__19707346_E8_C6,"['1.73', '1.73']",1.73
112,VRC01,1HB1_D0_012016_B4_S3,VRC01__1HB1_D0_012016_B4_S3,['0.44'],0.44
113,VRC01,1HB1_D0_012016_C7_S6,VRC01__1HB1_D0_012016_C7_S6,['0.086'],0.086
114,VRC01,1HB1_D0_012016_F10_S11,VRC01__1HB1_D0_012016_F10_S11,['0.095'],0.095
115,VRC01,1HB1_D0_012216_B2_S21,VRC01__1HB1_D0_012216_B2_S21,['0.083'],0.083
116,VRC01,1HB1_D0_012216_G6_S32,VRC01__1HB1_D0_012216_G6_S32,['0.218'],0.218
117,VRC01,1HB1_W4_012016_D10_S47,VRC01__1HB1_W4_012016_D10_S47,['0.102'],0.102
118,VRC01,1HB1_W4_020416_A6_S52,VRC01__1HB1_W4_020416_A6_S52,['0.039'],0.039
119,VRC01,1HB1_W4_020416_B2_S54,VRC01__1HB1_W4_020416_B2_S54,['0.03'],0.03
120,VRC01,1HB1_W4_020416_D3_S58,VRC01__1HB1_W4_020416_D3_S58,['0.061'],0.061
121,VRC01,1HB1_W4_020416_H6_S65,VRC01__1HB1_W4_020416_H6_S65,['0.118'],0.118
122,VRC01,1HB2_D0_102315_C3_S1,VRC01__1HB2_D0_102315_C3_S1,['0.172'],0.172
123,VRC01,1HB2_D0_102315_C7_S2,VRC01__1HB2_D0_102315_C7_S2,['0.081'],0.081
124,VRC01,1HB2_D0_102615_B11_S13,VRC01__1HB2_D0_102615_B11_S13,['0.129'],0.129
125,VRC01,1HB2_D0_102615_C8_S18,VRC01__1HB2_D0_102615_C8_S18,['0.214'],0.214
126,VRC01,1HB2_D0_102615_E9_S22,VRC01__1HB2_D0_102615_E9_S22,['0.094'],0.094
127,VRC01,1HB2_W4_103015_A11_S74,VRC01__1HB2_W4_103015_A11_S74,['0.109'],0.109
128,VRC01,1HB2_W4_103015_C9_S80,VRC01__1HB2_W4_103015_C9_S80,['0.051'],0.051
129,VRC01,1HB2_W4_103015_D11_S85,VRC01__1HB2_W4_103015_D11_S85,['0.113'],0.113
130,VRC01,1HB2_W4_103015_D7_S84,VRC01__1HB2_W4_103015_D7_S84,['0.127'],0.127
131,VRC01,1HB2_W4_103015_F1_S87,VRC01__1HB2_W4_103015_F1_S87,['0.098'],0.098
132,VRC01,1HB2_W4_103015_F2_S88,VRC01__1HB2_W4_103015_F2_S88,['0.14'],0.14
133,VRC01,1HB3_D0_102315_G10_S34,VRC01__1HB3_D0_102315_G10_S34,['0.989'],0.989
134,VRC01,1HB3_D0_102915_B2_S49,VRC01__1HB3_D0_102915_B2_S49,['0.306'],0.306
135,VRC01,1HB3_D0_102915_B6_S51,VRC01__1HB3_D0_102915_B6_S51,['1.514'],1.514
136,VRC01,1HB3_D0_102915_C7_S56,VRC01__1HB3_D0_102915_C7_S56,['1.037'],1.037
137,VRC01,1HB3_W4_102815_F7_S45,VRC01__1HB3_W4_102815_F7_S45,['2.235'],2.235
138,VRC01,1HB3_W4_110215_C10_S52E,VRC01__1HB3_W4_110215_C10_S52E,['1.284'],1.284
139,VRC01,1HB3_W4_110215_C7_S50E,VRC01__1HB3_W4_110215_C7_S50E,['1.716'],1.716
140,VRC01,1HB3_W4_110215_G3_S63,VRC01__1HB3_W4_110215_G3_S63,['1.009'],1.009
141,VRC01,1HB3_W4_110215_H3_S67,VRC01__1HB3_W4_110215_H3_S67,['1.423'],1.423
142,VRC01,1HC1_D0_061516_A1_S68,VRC01__1HC1_D0_061516_A1_S68,['0.18'],0.18
143,VRC01,1HC1_D0_061516_B5_S69,VRC01__1HC1_D0_061516_B5_S69,['0.019'],0.019
144,VRC01,1HC1_D0_061516_C4_S70,VRC01__1HC1_D0_061516_C4_S70,['0.125'],0.125
145,VRC01,1HC1_D0_061616_G4_S15,VRC01__1HC1_D0_061616_G4_S15,['0.092'],0.092
146,VRC01,1HC1_D0_070516_F10_S90,VRC01__1HC1_D0_070516_F10_S90,['0.294'],0.294
147,VRC01,1HC1_D0_070516_F11_S91,VRC01__1HC1_D0_070516_F11_S91,['0.016'],0.016
148,VRC01,1HC1_W4_070116_B8_S30,VRC01__1HC1_W4_070116_B8_S30,['0.377'],0.377
149,VRC01,1HC1_W4_070516PL2_B4_S96,VRC01__1HC1_W4_070516PL2_B4_S96,['0.265'],0.265
150,VRC01,1HC1_W4_070516PL2_G5_S11,VRC01__1HC1_W4_070516PL2_G5_S11,['0.187'],0.187
151,VRC01,1HC1_W4_070516PL3_A3_S14,VRC01__1HC1_W4_070516PL3_A3_S14,['0.09'],0.09
152,VRC01,1HC1_W4_071216_D3_S66,VRC01__1HC1_W4_071216_D3_S66,['0.172'],0.172
153,VRC01,1HC1_W4_071216_F7_S69,VRC01__1HC1_W4_071216_F7_S69,['0.202'],0.202
154,VRC01,1HC2_D0_012016_A5_S39,VRC01__1HC2_D0_012016_A5_S39,['0.27'],0.27
155,VRC01,1HC2_D0_012016_F5_S52,VRC01__1HC2_D0_012016_F5_S52,['0.186'],0.186
156,VRC01,1HC2_D0_012216_C11_S66,VRC01__1HC2_D0_012216_C11_S66,['0.137'],0.137
157,VRC01,1HC2_D0_012216_D1_S67,VRC01__1HC2_D0_012216_D1_S67,['0.282'],0.282
158,VRC01,1HC2_D0_012216_F9_S75,VRC01__1HC2_D0_012216_F9_S75,['0.031'],0.031
159,VRC01,1HC2_D0_012216_H10_S82,VRC01__1HC2_D0_012216_H10_S82,['0.07'],0.07
160,VRC01,1HC2_W4_012016_F6_S83,VRC01__1HC2_W4_012016_F6_S83,['0.347'],0.347
161,VRC01,1HC2_W4_012016_H12_S93,VRC01__1HC2_W4_012016_H12_S93,['0.014'],0.014
162,VRC01,1HC2_W4_012216_A10_S1,VRC01__1HC2_W4_012216_A10_S1,['0.306'],0.306
163,VRC01,1HC2_W4_012216_A6_S95,VRC01__1HC2_W4_012216_A6_S95,['0.125'],0.125
164,VRC01,1HC2_W4_012216_E4_S9,VRC01__1HC2_W4_012216_E4_S9,['0.314'],0.314
165,VRC01,1HC2_W4_012216_G5_S14,VRC01__1HC2_W4_012216_G5_S14,['0.015'],0.015
166,VRC01,1HC3_D0_012016_F7_S31,VRC01__1HC3_D0_012016_F7_S31,['0.588'],0.588
167,VRC01,1HC3_D0_012016_G2_S34,VRC01__1HC3_D0_012016_G2_S34,['0.256'],0.256
168,VRC01,1HC3_D0_012216_B1_S40,VRC01__1HC3_D0_012216_B1_S40,['0.432'],0.432
169,VRC01,1HC3_D0_012216_E10_S49,VRC01__1HC3_D0_012216_E10_S49,['0.212'],0.212
170,VRC01,1HC3_D0_012216_G3_S52,VRC01__1HC3_D0_012216_G3_S52,['0.456'],0.456
171,VRC01,1HC3_W4_012016_G1_S19,VRC01__1HC3_W4_012016_G1_S19,['0.441'],0.441
172,VRC01,1HC3_W4_012016_H5_S21,VRC01__1HC3_W4_012016_H5_S21,['0.726'],0.726
173,VRC01,1HC3_W4_012616_C7_S77,VRC01__1HC3_W4_012616_C7_S77,['0.281'],0.281
174,VRC01,1HC3_W4_012616_F1_S85,VRC01__1HC3_W4_012616_F1_S85,['0.583'],0.583
175,VRC01,1HC3_W4_012616_G4_S89,VRC01__1HC3_W4_012616_G4_S89,['0.805'],0.805
176,VRC01,1HD1_D0_012016_A4_S67,VRC01__1HD1_D0_012016_A4_S67,['1.772'],1.772
177,VRC01,1HD1_D0_012016_D6_S73,VRC01__1HD1_D0_012016_D6_S73,['0.399'],0.399
178,VRC01,1HD1_D0_012016_H4_S83,VRC01__1HD1_D0_012016_H4_S83,['0.12'],0.12
179,VRC01,1HD1_D0_012716_B1_S14,VRC01__1HD1_D0_012716_B1_S14,['0.076'],0.076
180,VRC01,1HD1_D0_012716_B7_S16,VRC01__1HD1_D0_012716_B7_S16,['0.368'],0.368
181,VRC01,1HD1_W4_012016_C11_S93,VRC01__1HD1_W4_012016_C11_S93,['0.355'],0.355
182,VRC01,1HD1_W4_012016_C12_S94,VRC01__1HD1_W4_012016_C12_S94,['0.293'],0.293
183,VRC01,1HD1_W4_012616_A6_S94,VRC01__1HD1_W4_012616_A6_S94,['0.155'],0.155
184,VRC01,1HD1_W4_012616_D9_S6,VRC01__1HD1_W4_012616_D9_S6,['0.741'],0.741
185,VRC01,1HD1_W4_012616_F9_S11,VRC01__1HD1_W4_012616_F9_S11,['0.161'],0.161
186,VRC01,1HD2_PREINF_051916_A12_S61,VRC01__1HD2_PREINF_051916_A12_S61,['0.05'],0.05
187,VRC01,1HD2_PREINF_051916_B4_S62,VRC01__1HD2_PREINF_051916_B4_S62,['0.004'],0.004
188,VRC01,1HD2_PREINF_051916_D8_S66,VRC01__1HD2_PREINF_051916_D8_S66,['0.029'],0.029
189,VRC01,1HD2_PREINF_051916_H4_S73,VRC01__1HD2_PREINF_051916_H4_S73,['0.005'],0.005
190,VRC01,1HD4K_D0_061516_E3_S53,VRC01__1HD4K_D0_061516_E3_S53,['2.468'],2.468
191,VRC01,1HD4K_D0_061516_F7_S57,VRC01__1HD4K_D0_061516_F7_S57,['0.526'],0.526
192,VRC01,1HD4K_D0_061616PL1_D4_S83,VRC01__1HD4K_D0_061616PL1_D4_S83,['0.613'],0.613
193,VRC01,1HD4K_D0_061616PL2_A4_S53,VRC01__1HD4K_D0_061616PL2_A4_S53,['0.404'],0.404
194,VRC01,1HD4K_D0_061616PL2_C2_S57,VRC01__1HD4K_D0_061616PL2_C2_S57,['0.509'],0.509
195,VRC01,1HD4K_W4_062316PL3_A3_S25,VRC01__1HD4K_W4_062316PL3_A3_S25,['0.559'],0.559
196,VRC01,1HD4K_W4_062316PL3_B1_S27,VRC01__1HD4K_W4_062316PL3_B1_S27,['0.537'],0.537
197,VRC01,1HD4K_W4_062316PL3_B9_S29,VRC01__1HD4K_W4_062316PL3_B9_S29,['1.6'],1.6
198,VRC01,1HD4K_W4_062316PL4_A11_S47,VRC01__1HD4K_W4_062316PL4_A11_S47,['0.713'],0.713
199,VRC01,1HD4K_W4_062316PL4_A3_S44,VRC01__1HD4K_W4_062316PL4_A3_S44,['0.605'],0.605
200,VRC01,1HD5K_D0_061016_C5_S3,VRC01__1HD5K_D0_061016_C5_S3,['0.204'],0.204
201,VRC01,1HD5K_D0_061416PL1_F1_S17,VRC01__1HD5K_D0_061416PL1_F1_S17,['0.166'],0.166
202,VRC01,1HD5K_D0_061416PL2_D11_S27,VRC01__1HD5K_D0_061416PL2_D11_S27,['0.21'],0.21
203,VRC01,1HD5K_D0_061416PL2_D12_S28,VRC01__1HD5K_D0_061416PL2_D12_S28,['0.142'],0.142
204,VRC01,1HD5K_D0_061616_F6_S42,VRC01__1HD5K_D0_061616_F6_S42,['0.158'],0.158
205,VRC01,1HD5K_W4_061416_A6_S32E,VRC01__1HD5K_W4_061416_A6_S32E,['0.149'],0.149
206,VRC01,1HD5K_W4_061616_A12_S44,VRC01__1HD5K_W4_061616_A12_S44,['0.281'],0.281
207,VRC01,1HD5K_W4_061616_C11_S49,VRC01__1HD5K_W4_061616_C11_S49,['0.229'],0.229
208,VRC01,1HD5K_W4_061616_C12_S50,VRC01__1HD5K_W4_061616_C12_S50,['0.316'],0.316
209,VRC01,1HD5K_W4_062316_D10_S59,VRC01__1HD5K_W4_062316_D10_S59,['0.155'],0.155
210,VRC01,1HD5K_W4_062916_A6_S61,VRC01__1HD5K_W4_062916_A6_S61,['0.156'],0.156
211,VRC01,1HD6K_D0_061016_B3_S9,VRC01__1HD6K_D0_061016_B3_S9,['1.075'],1.075
212,VRC01,1HD6K_D0_061416_F12_S50,VRC01__1HD6K_D0_061416_F12_S50,['0.843'],0.843
213,VRC01,1HD6K_D0_061616_C10_S24,VRC01__1HD6K_D0_061616_C10_S24,['0.656'],0.656
214,VRC01,1HD6K_D0_061616_C6_S21,VRC01__1HD6K_D0_061616_C6_S21,['0.673'],0.673
215,VRC01,1HD6K_W4_070516_G5_S26,VRC01__1HD6K_W4_070516_G5_S26,['0.653'],0.653
216,VRC01,1HD6K_W8_072616_D6_S65,VRC01__1HD6K_W8_072616_D6_S65,['0.889'],0.889
217,VRC01,1HD6K_W8_072616_F2_S69,VRC01__1HD6K_W8_072616_F2_S69,['0.04'],0.04
218,VRC01,1HD6K_W8_072616_G10_S70,VRC01__1HD6K_W8_072616_G10_S70,['0.824'],0.824
219,VRC01,1HD8K_D0_061616_B4_S93,VRC01__1HD8K_D0_061616_B4_S93,['0.642'],0.642
220,VRC01,1HD8K_D0_062916_A4_S69,VRC01__1HD8K_D0_062916_A4_S69,['0.146'],0.146
221,VRC01,1HD8K_D0_062916_A9_S72,VRC01__1HD8K_D0_062916_A9_S72,['0.474'],0.474
222,VRC01,1HD8K_D0_062916_F6_S90,VRC01__1HD8K_D0_062916_F6_S90,['1.085'],1.085
223,VRC01,1HD8K_D0_062916_H6_S95,VRC01__1HD8K_D0_062916_H6_S95,['0.408'],0.408
224,VRC01,1HD8K_W4_070116PL3_C6_S63,VRC01__1HD8K_W4_070116PL3_C6_S63,['0.57'],0.57
225,VRC01,1HD8K_W4_070116PL3_G12_S77,VRC01__1HD8K_W4_070116PL3_G12_S77,['0.075'],0.075
226,VRC01,1HD8K_W4_070116PL3_H8_S80,VRC01__1HD8K_W4_070116PL3_H8_S80,['0.212'],0.212
227,VRC01,1HD8K_W4_070116PL4_E1_S86,VRC01__1HD8K_W4_070116PL4_E1_S86,['0.108'],0.108
228,VRC01,1HD8K_W4_070116PL4_E9_S87,VRC01__1HD8K_W4_070116PL4_E9_S87,['0.292'],0.292
229,VRC01,1HD8K_W4_070116PL4_F7_S89,VRC01__1HD8K_W4_070116PL4_F7_S89,['0.156'],0.156
230,VRC01,1HD9K_D0_070816_B3_S30,VRC01__1HD9K_D0_070816_B3_S30,['0.284'],0.284
231,VRC01,1HD9K_D0_070816_C3_S35,VRC01__1HD9K_D0_070816_C3_S35,['0.576'],0.576
232,VRC01,1HD9K_D0_071116PL6_A10_S86,VRC01__1HD9K_D0_071116PL6_A10_S86,['0.111'],0.111
233,VRC01,20198102_E9_G1,VRC01__20198102_E9_G1,"['0.16', '0.16']",0.16
234,VRC01,20258279_V2,VRC01__20258279_V2,"['0.54', '0.54']",0.54
235,VRC01,20286961_C1_H8,VRC01__20286961_C1_H8,"['0.4', '0.4']",0.4
236,VRC01,20355851_20,VRC01__20355851_20,"['1.01', '1.01']",1.01
237,VRC01,20358510_01,VRC01__20358510_01,"['0.39', '0.39']",0.39
238,VRC01,20803520,VRC01__20803520,"['1.72', '1.72']",1.72
239,VRC01,20883229_C9_H6,VRC01__20883229_C9_H6,"['0.4', '0.4']",0.4
240,VRC01,20965238,VRC01__20965238,"['1.1', '1.1']",1.1
241,VRC01,21020_13,VRC01__21020_13,['0.724'],0.724
242,VRC01,211_9,VRC01__211_9,"['25', '14.28', '25', '14.3', '14.3', '12.8']",14.3
243,VRC01,21261106_C12_H2,VRC01__21261106_C12_H2,"['5.27', '5.27']",5.27
244,VRC01,21283649,VRC01__21283649,"['0.31', '0.31']",0.31
245,VRC01,21399975_E2_B3,VRC01__21399975_E2_B3,"['3.08', '3.08']",3.08
246,VRC01,21492713_B11_E3,VRC01__21492713_B11_E3,"['0.14', '0.14']",0.14
247,VRC01,21502011_F12_E2,VRC01__21502011_F12_E2,"['9.77', '9.77']",9.77
248,VRC01,21561324_D3_B5,VRC01__21561324_D3_B5,"['0.44', '0.44']",0.44
249,VRC01,216_F2_E3_5,VRC01__216_F2_E3_5,['0.28'],0.28
250,VRC01,231965_C1,VRC01__231965_C1,"['0.353', '0.133', '0.353', '0.824', '0.133', '0.487', '0.278', '0.824', '0.487', '0.487', '0.511', '0.475', '0.423', '0.34', '0.487', '0.133', '0.34', '0.392', '0.278', '0.34', '0.34', '0.209', '0.489', '0.183']",0.353
251,VRC01,231966_C2,VRC01__231966_C2,['0.109'],0.109
252,VRC01,235080_3G7_REV,VRC01__235080_3G7_REV,"['8.41', '8.41']",8.41
253,VRC01,235_47,VRC01__235_47,"['0.061', '0.035', '0.061', '0.087', '0.035', '0.049', '0.015', '0.087', '0.049', '0.049', '0.072', '0.047', '0.041', '0.049', '0.035', '0.04', '0.043', '0.04', '0.04', '0.056', '0.0542', '0.021']",0.048
254,VRC01,246_F3_C10_2,VRC01__246_F3_C10_2,"['0.3', '0.51', '0.441', '0.292', '0.245', '0.41', '0.254', '0.41', '0.25', '0.1253', '0.1253', '0.365', '0.2978']",0.2978
255,VRC01,247_23,VRC01__247_23,"['1.84', '6.09', '1.84', '6.09', '24.2', '3.57', '24.2', '24.2', '2.73', '1.98', '2.28', '24.2', '6.09', '1.63', '2.8', '2.8', '2.45', '2.452']",2.8
256,VRC01,249M_B10,VRC01__249M_B10,"['0.289', '0.071']",0.18
257,VRC01,25710_2_43,VRC01__25710_2_43,"['0.594', '0.336', '0.594', '0.336', '1.4', '0.545', '0.973', '0.545', '0.545', '0.87', '0.945', '0.503', '0.591', '0.55', '0.545', '0.36', '0.336', '0.487', '0.36', '0.5', '0.8191', '0.5594', '0.43', '0.43', '0.483', '0.487']",0.545
258,VRC01,25711_2_4,VRC01__25711_2_4,"['0.555', '0.793', '0.555', '0.793', '0.712', '1.18', '0.712', '0.712', '0.756', '0.395', '0.776', '0.71', '0.712', '0.793', '0.559', '1', '1', '0.375', '0.535']",0.712
259,VRC01,25925_2_22,VRC01__25925_2_22,"['0.474', '0.499', '0.474', '0.499', '0.559', '0.907', '0.559', '0.559', '0.659', '0.486', '0.594', '0.56', '0.559', '0.499', '0.766', '0.55', '0.53', '0.53', '0.604', '0.61']",0.559
260,VRC01,26191_2_48,VRC01__26191_2_48,"['0.166', '0.202', '0.166', '0.202', '0.195', '0.325', '0.195', '0.195', '0.323', '0.193', '0.338', '0.2', '0.195', '0.202', '0.183', '0.19', '0.19', '0.209', '0.1964']",0.195
261,VRC01,263_8,VRC01__263_8,"['0.168', '0.354', '0.168', '0.334', '0.354', '0.119', '0.251', '0.334', '0.119', '0.119', '0.282', '0.165', '0.286', '0.2', '0.119', '0.354', '0.2', '0.176', '0.2', '0.2', '0.229', '0.1962', '0.124']",0.2
262,VRC01,269_12,VRC01__269_12,"['0.293', '0.295', '0.293', '0.295', '0.163', '0.33', '0.163', '0.163', '0.417', '0.204', '0.436', '0.163', '0.295', '0.313', '0.23', '0.23', '0.33', '0.2956']",0.294
263,VRC01,271_11,VRC01__271_11,"['0.054', '0.022', '0.054', '0.022', '0.052', '0.055', '0.05241', '0.052', '0.076', '0.1', '0.07', '0.06', '0.052', '0.022', '0.059', '0.06', '0.06', '0.064', '0.0774']",0.055
264,VRC01,2759058_F10_B6,VRC01__2759058_F10_B6,"['2.64', '2.64']",2.64
265,VRC01,2768732_C5_16,VRC01__2768732_C5_16,"['1.6', '1.6']",1.6
266,VRC01,2833264,VRC01__2833264,"['0.41', '0.41']",0.41
267,VRC01,2865_A11_12,VRC01__2865_A11_12,"['0.88', '0.88']",0.88
268,VRC01,2869751_A4_D3,VRC01__2869751_A4_D3,"['0.68', '0.68']",0.68
269,VRC01,286_36,VRC01__286_36,"['0.322', '0.284', '0.322', '0.284', '0.103', '0.406', '0.188', '0.103', '0.284', '0.188', '0.103', '0.103', '0.394', '0.225', '0.284', '0.1', '0.103', '0.284', '0.223', '0.188', '0.188', '0.341', '0.393']",0.225
270,VRC01,288_38,VRC01__288_38,"['1.49', '0.468', '1.49', '0.468', '1.52', '3.73', '0.992', '1.52', '0.468', '0.992', '1.52', '1.52', '2.01', '0.767', '1.24', '1.52', '1.52', '0.468', '1.38', '0.992', '0.992', '1.84', '1.804']",1.49
271,VRC01,2891391_A2_E1,VRC01__2891391_A2_E1,"['1.16', '1.16']",1.16
272,VRC01,2969249,VRC01__2969249,"['1.37', '1.37']",1.37
273,VRC01,3016_V5_C45,VRC01__3016_V5_C45,"['0.155', '0.193', '0.155', '0.308', '0.193', '0.111', '0.172', '0.308', '0.111', '0.111', '0.13', '0.097', '0.123', '0.16', '0.111', '0.193', '0.16', '0.117', '0.308', '0.16', '0.16', '0.106', '0.106', '0.058']",0.155
274,VRC01,304_F2_1_11,VRC01__304_F2_1_11,"['0.42', '0.42']",0.42
275,VRC01,3103_V3_C10,VRC01__3103_V3_C10,"['2.52', '0.93', '2.52', '0.93', '0.93', '1.53']",1.23
276,VRC01,3168_V4_C10,VRC01__3168_V4_C10,"['0.255', '0.166', '0.1', '0.255', '0.166', '0.131', '0.215', '0.131', '0.131', '0.143', '0.199', '0.139', '0.13', '0.131', '0.34', '0.166', '0.129', '0.1', '0.131', '0.135', '0.175']",0.139
277,VRC01,3168_V4_C10_K651N,VRC01__3168_V4_C10_K651N,['0.251'],0.251
278,VRC01,320040,VRC01__320040,['0.267'],0.267
279,VRC01,329_14_B1,VRC01__329_14_B1,['0.59'],0.59
280,VRC01,329_14_B4,VRC01__329_14_B4,['1.25'],1.25
281,VRC01,329_15_A1,VRC01__329_15_A1,['5.62'],5.62
282,VRC01,329_16_C1,VRC01__329_16_C1,['2.56'],2.56
283,VRC01,329_16_D5,VRC01__329_16_D5,['3.68'],3.68
284,VRC01,3301_V1_C24,VRC01__3301_V1_C24,"['0.097', '0.155', '0.097', '0.283', '0.155', '0.084', '0.163', '0.283', '0.084', '0.084', '0.134', '0.09', '0.09', '0.084', '0.155', '0.14', '0.095', '0.14', '0.14', '0.105', '0.121', '0.112']",0.11649999999999999
285,VRC01,3305_BM_C1,VRC01__3305_BM_C1,['2.93'],2.93
286,VRC01,3305_BM_C11,VRC01__3305_BM_C11,['1.17'],1.17
287,VRC01,3305_BM_C9,VRC01__3305_BM_C9,['3.47'],3.47
288,VRC01,3305_BM_F4,VRC01__3305_BM_F4,['5.47'],5.47
289,VRC01,3305_BM_F6,VRC01__3305_BM_F6,['2.21'],2.21
290,VRC01,330_16_E6,VRC01__330_16_E6,['1.63'],1.63
291,VRC01,3312_D6_2,VRC01__3312_D6_2,"['0.18', '0.18']",0.18
292,VRC01,3326_V4_C3,VRC01__3326_V4_C3,"['0.068', '0.087', '0.068', '0.087', '0.073', '0.088', '0.073', '0.073', '0.094', '0.05', '0.069', '0.073', '0.087', '0.107', '0.1', '0.1', '0.057', '0.0752']",0.0741
293,VRC01,3337_V2_C6,VRC01__3337_V2_C6,"['0.09', '0.026', '0.09', '0.026', '0.063', '0.1', '0.063', '0.063', '0.104', '0.092', '0.116', '0.063', '0.026', '0.105', '0.14', '0.14', '0.051', '0.0978']",0.09
294,VRC01,3365_V2_C20,VRC01__3365_V2_C20,"['0.03', '0.025', '0.03', '0.025', '0.096', '0.073', '0.074', '0.06', '0.025', '0.06', '0.06', '0.06', '0.06', '0.051', '0.0682']",0.06
295,VRC01,3415_V1_C1,VRC01__3415_V1_C1,"['0.084', '0.105', '0.084', '0.105', '0.092', '0.131', '0.092', '0.092', '0.095', '0.095', '0.091', '0.09', '0.092', '0.105', '0.06', '0.087', '0.06', '0.06', '0.098', '0.0956']",0.092
296,VRC01,3426_V5_C17,VRC01__3426_V5_C17,"['0.26', '0.26']",0.26
297,VRC01,3468_V1_C12,VRC01__3468_V1_C12,"['0.05', '0.063', '0.05', '0.063', '0.04', '0.055', '0.04', '0.04', '0.068', '0.035', '0.072', '0.04', '0.063', '0.058', '0.05', '0.05', '0.062', '0.0594']",0.052500000000000005
298,VRC01,346_F4_D2_12,VRC01__346_F4_D2_12,"['0.81', '0.81']",0.81
299,VRC01,3514597,VRC01__3514597,"['0.5', '0.5']",0.5
300,VRC01,3545883_G1_E1,VRC01__3545883_G1_E1,"['0.69', '0.69']",0.69
301,VRC01,356272_C02,VRC01__356272_C02,['0.76'],0.76
302,VRC01,3589_V1_C4,VRC01__3589_V1_C4,"['0.047', '0.132', '0.047', '0.132', '0.073', '0.162', '0.073', '0.073', '0.176', '0.065', '0.076', '0.073', '0.132', '0.081', '0.12', '0.12', '0.113', '0.0704']",0.0785
303,VRC01,3603_C11_13,VRC01__3603_C11_13,"['0.31', '0.31']",0.31
304,VRC01,3637_V5_C3,VRC01__3637_V5_C3,"['1.45', '4.6', '3.05', '1.45', '4.6', '4.09', '5.46', '4.09', '4.09', '4.09', '2.75', '3.36', '2.73', '4.09', '4.09', '4.6', '1.97', '3.05', '4.1', '3.49', '2.98']",4.09
305,VRC01,3718_3_11,VRC01__3718_3_11,"['0.165', '0.188', '0.165', '0.188', '0.218', '0.486', '0.218', '0.218', '0.218', '0.325', '0.203', '0.355', '0.22', '1.2', '0.218', '0.188', '0.411', '0.895', '1.2', '1.2', '0.361', '0.3806']",0.219
306,VRC01,3728_V2_C6,VRC01__3728_V2_C6,"['0.06', '0.06']",0.06
307,VRC01,377_V4_C09,VRC01__377_V4_C09,"['2.26', '2.26']",2.26
308,VRC01,3873_V1_C24,VRC01__3873_V1_C24,"['0.791', '0.495', '1.13', '0.791', '0.495', '0.954', '0.954', '0.954', '1.21', '1.11', '1.33', '0.95', '0.954', '0.495', '2.81', '1.13', '0.954', '1.19', '1.0792']",0.954
309,VRC01,3988_25,VRC01__3988_25,"['0.369', '0.552', '0.369', '0.552', '2.1', '0.747', '0.22', '2.1', '2.1', '0.552', '0.22', '2.1', '2.1', '2.1', '0.562', '0.472', '0.362', '2.1', '2.1', '0.552', '0.494', '0.22', '0.22', '0.596', '0.4616']",0.552
310,VRC01,398_F1_F6_20,VRC01__398_F1_F6_20,"['0.181', '0.148', '0.181', '0.148', '0.2', '0.058', '0.058', '0.058', '0.41', '0.177', '0.193', '0.246', '0.06', '0.058', '0.08', '0.148', '0.102', '0.08', '0.254', '0.17', '0.1841', '0.1841', '0.27', '0.27', '0.328', '0.2238']",0.179
311,VRC01,40061_V03_08,VRC01__40061_V03_08,['3.2'],3.2
312,VRC01,40100_V01_09,VRC01__40100_V01_09,['19.05'],19.05
313,VRC01,40100_V01_MN01,VRC01__40100_V01_MN01,['0.011'],0.011
314,VRC01,4403_BM_B10,VRC01__4403_BM_B10,['0.05'],0.05
315,VRC01,4403_BM_B6,VRC01__4403_BM_B6,['0.06'],0.06
316,VRC01,4403_BM_C5,VRC01__4403_BM_C5,['0.05'],0.05
317,VRC01,4403_BM_G1,VRC01__4403_BM_G1,['0.13'],0.13
318,VRC01,4403_BM_H22,VRC01__4403_BM_H22,['1.47'],1.47
319,VRC01,45_01DG5,VRC01__45_01DG5,"['0.011', '0.011', '0.013', '0.016', '0.022', '0.018', '0.017', '0.0372']",0.0165
320,VRC01,541_F1_A7_2,VRC01__541_F1_A7_2,"['0.17', '0.17']",0.17
321,VRC01,556_F2_3_25,VRC01__556_F2_3_25,"['3.32', '3.32']",3.32
322,VRC01,569_F1_37_10,VRC01__569_F1_37_10,"['0.3', '0.3']",0.3
323,VRC01,5768_4,VRC01__5768_4,"['0.354', '0.411', '0.354', '0.411', '0.099', '0.639', '0.166', '0.099', '0.411', '0.166', '0.099', '0.099', '0.099', '0.642', '0.399', '0.429', '0.1', '0.099', '0.411', '0.365', '0.166', '0.166', '0.389', '0.424']",0.354
324,VRC01,5807_BM_D1,VRC01__5807_BM_D1,['2.1'],2.1
325,VRC01,5807_BM_E7,VRC01__5807_BM_E7,['0.29'],0.29
326,VRC01,6022_V7_C24,VRC01__6022_V7_C24,"['1.98', '1.98']",1.98
327,VRC01,6040_V4_C15,VRC01__6040_V4_C15,"['0.15', '0.15']",0.15
328,VRC01,6041_V3_C23,VRC01__6041_V3_C23,"['0.03', '0.03', '0.02', '0.02', '0.023']",0.023
329,VRC01,6095_V1_C10,VRC01__6095_V1_C10,"['0.506', '0.457', '0.506', '0.457', '0.464', '1.37', '0.464', '0.464', '1.35', '0.617', '0.368', '0.464', '0.457', '0.631', '0.464', '0.514', '0.7826']",0.464
330,VRC01,6101_1,VRC01__6101_1,"['0.023', '0.069', '0.023', '0.069', '0.05', '0.108', '0.063', '0.111', '0.104', '0.069', '0.111', '0.031', '0.104', '0.104', '0.089', '0.075', '0.066', '0.093', '0.1', '0.104', '0.069', '0.035', '0.045', '0.111', '0.111', '0.053', '0.0668']",0.069
331,VRC01,6146_V7_C23,VRC01__6146_V7_C23,"['0.9', '0.9']",0.9
332,VRC01,62357_14_D3_4589,VRC01__62357_14_D3_4589,"['1.46', '0.96', '1.46', '0.96', '0.47', '0.96', '1.74']",0.96
333,VRC01,6240_08_TA5_4622,VRC01__6240_08_TA5_4622,"['1.54', '0.61', '1.54', '0.61', '0.61', '0.604']",0.61
334,VRC01,6244_13_B5_4567,VRC01__6244_13_B5_4567,"['0.564', '0.21', '0.564', '0.21', '0.21', '0.045']",0.21
335,VRC01,6405_V4_C34,VRC01__6405_V4_C34,"['1.55', '2.42', '1.55', '2.42', '2.63', '2.4', '2.53', '2.63', '2.63', '3.11', '1.81', '1.87', '2.2', '2.63', '2.42', '1.69', '2.592', '2.2', '2.2', '1.96', '1.816']",2.4
336,VRC01,6480_V4_C25,VRC01__6480_V4_C25,"['0.04', '0.04', '0.014']",0.04
337,VRC01,6535_3,VRC01__6535_3,"['5.469', '2.1', '1.6', '2.1', '4.52', '1.6', '2.16', '2.73', '1.88', '0.539', '2.16', '1.6', '0.539', '4.52', '2.16', '2.16', '3.7', '1.49', '2.12', '2.16', '0.539', '2.16', '1.6', '0.54', '1.93', '1.755', '0.539', '0.539', '1.87', '2.528', '0.946']",1.93
338,VRC01,6592_V7_C25,VRC01__6592_V7_C25,['0.118'],0.118
339,VRC01,6644_V2_C33,VRC01__6644_V2_C33,"['0.243', '0.125', '0.09', '0.243', '0.125', '0.164', '0.233', '0.164', '0.164', '0.275', '0.169', '0.215', '0.16', '0.164', '0.125', '0.153', '0.09', '0.164', '0.172', '0.2936']",0.164
340,VRC01,6650_V1_C8,VRC01__6650_V1_C8,['0.05'],0.05
341,VRC01,6785_V5_C14,VRC01__6785_V5_C14,"['0.286', '0.468', '0.11', '0.286', '0.468', '0.332', '0.416', '0.332', '0.332', '0.348', '0.304', '0.313', '0.33', '0.332', '0.468', '0.253', '0.11', '0.332', '0.311', '0.462']",0.332
342,VRC01,6811_V5_C20,VRC01__6811_V5_C20,['0.09'],0.09
343,VRC01,6811_V7_C18,VRC01__6811_V7_C18,"['0.313', '0.313', '0.09', '0.14']",0.2265
344,VRC01,6838_V1_C35,VRC01__6838_V1_C35,"['0.21', '0.452', '0.37', '0.21', '0.452', '0.338', '0.301', '0.276', '0.377', '0.452', '0.288', '0.37', '0.224', '0.3582']",0.3481
345,VRC01,6952_V1_C20,VRC01__6952_V1_C20,"['0.096', '0.04', '0.096', '0.04', '0.04', '0.025']",0.04
346,VRC01,6980_V0_C31,VRC01__6980_V0_C31,"['0.1', '0.1']",0.1
347,VRC01,700010040_C9_4520,VRC01__700010040_C9_4520,['0.23'],0.23
348,VRC01,703010010_C4,VRC01__703010010_C4,"['0.11', '0.11']",0.11
349,VRC01,703010054_2A2,VRC01__703010054_2A2,"['0.53', '1.06', '1.06', '0.53', '0.139']",0.53
350,VRC01,703010200_1E5,VRC01__703010200_1E5,"['0.54', '2.1', '2.1', '0.54', '0.38']",0.54
351,VRC01,703010217_B6,VRC01__703010217_B6,"['0.366', '0.29', '0.366', '0.3', '0.42', '0.251', '0.349', '0.304', '0.32', '0.195', '0.32', '0.29', '0.21', '0.1058', '0.1058', '0.136', '0.2484']",0.29
352,VRC01,703010228_1C4,VRC01__703010228_1C4,"['0.82', '0.82']",0.82
353,VRC01,703357_C2,VRC01__703357_C2,"['4', '4', '4']",4.0
354,VRC01,704010042_2E5,VRC01__704010042_2E5,"['0.16', '0.16']",0.16
355,VRC01,704010069_C6,VRC01__704010069_C6,"['1.03', '1.03']",1.03
356,VRC01,704010083_B8,VRC01__704010083_B8,"['2.26', '2.26']",2.26
357,VRC01,704809221_1B3,VRC01__704809221_1B3,"['0.55', '1.4', '1.4', '0.55', '0.32']",0.55
358,VRC01,705010198_TF,VRC01__705010198_TF,"['0.13', '0.13', '0.205']",0.13
359,VRC01,706010164_1A7,VRC01__706010164_1A7,['0.24'],0.24
360,VRC01,706010164_1A7_REV,VRC01__706010164_1A7_REV,['0.24'],0.24
361,VRC01,7165_18,VRC01__7165_18,"['45', '45', '25.1', '16.3', '25.1', '26.8', '48.6', '28.2', '29.3', '27.5', '30.95']",28.2
362,VRC01,731027_AA104A_RH5,VRC01__731027_AA104A_RH5,['1.62'],1.62
363,VRC01,783_V0_C51,VRC01__783_V0_C51,"['0.285', '0.24']",0.26249999999999996
364,VRC01,816763_C02,VRC01__816763_C02,['0.28'],0.28
365,VRC01,816769_AA107A_WG8,VRC01__816769_AA107A_WG8,['1.07'],1.07
366,VRC01,851891_4_15,VRC01__851891_4_15,['0.037'],0.037
367,VRC01,89_6,VRC01__89_6,"['1.3', '0.849', '1.3', '0.849', '0.46', '1.25', '0.511', '0.402', '0.45969', '0.46', '1.24', '0.41', '1.09', '0.46', '0.46', '0.849', '0.762', '0.511', '0.511', '0.12', '1.31', '0.807']",0.6365000000000001
368,VRC01,9004SS_A3_4,VRC01__9004SS_A3_4,"['0.505', '0.505', '0.505']",0.505
369,VRC01,9021_14_B2_4571,VRC01__9021_14_B2_4571,['1.7'],1.7
370,VRC01,928_28,VRC01__928_28,"['0.476', '0.405', '0.476', '1.21', '0.405', '0.378', '0.639', '0.378', '0.378', '0.673', '0.461', '0.807', '0.378', '0.405', '0.41', '0.394', '0.41', '0.41', '0.34', '0.5784', '0.249']",0.41
371,VRC01,92BR020,VRC01__92BR020,"['0.29', '0.059']",0.1745
372,VRC01,92BR025_9,VRC01__92BR025_9,"['0.593', '0.053', '0.593', '0.053', '0.271', '0.437', '0.115', '0.271', '0.053', '0.115', '0.271', '0.271', '0.633', '0.486', '0.278', '0.27', '0.115', '0.271', '0.053', '0.528', '0.115', '0.115', '0.34', '0.3778']",0.271
373,VRC01,92RW008,VRC01__92RW008,['0.037'],0.037
374,VRC01,92RW009,VRC01__92RW009,"['0.44', '0.187']",0.3135
375,VRC01,92RW009_N276D,VRC01__92RW009_N276D,['0.14'],0.14
376,VRC01,92RW020_2,VRC01__92RW020_2,"['0.346', '0.203', '0.254', '0.203', '0.254', '0.303', '0.393', '0.28', '0.224', '0.303', '0.254', '0.224', '0.244', '0.303', '0.303', '0.2', '0.185', '0.32', '0.223', '0.3', '0.303', '0.33', '0.254', '0.217', '0.33', '0.485', '0.13', '0.109', '0.224', '0.224', '0.296', '0.276', '0.206']",0.254
377,VRC01,92RW021,VRC01__92RW021,"['3.52', '0.066']",1.793
378,VRC01,92RW024,VRC01__92RW024,['0.327'],0.327
379,VRC01,92TH021,VRC01__92TH021,"['0.616', '0.616', '0.324']",0.616
380,VRC01,92UG001,VRC01__92UG001,['1.159'],1.159
381,VRC01,92UG005,VRC01__92UG005,"['0.576', '0.576']",0.576
382,VRC01,92UG031,VRC01__92UG031,['0.469'],0.469
383,VRC01,92UG035,VRC01__92UG035,['3.45'],3.45
384,VRC01,92UG038,VRC01__92UG038,['1.04'],1.04
385,VRC01,92UG046,VRC01__92UG046,['12.687'],12.687
386,VRC01,92US715,VRC01__92US715,['1'],1.0
387,VRC01,93IN905,VRC01__93IN905,"['0.138', '0.07']",0.10400000000000001
388,VRC01,93MW959,VRC01__93MW959,['0.053'],0.053
389,VRC01,93RW029,VRC01__93RW029,['1.57'],1.57
390,VRC01,93TH057,VRC01__93TH057,['1.32'],1.32
391,VRC01,93TH305,VRC01__93TH305,['0.243'],0.243
392,VRC01,93UG053,VRC01__93UG053,['8.93'],8.93
393,VRC01,93UG065,VRC01__93UG065,['9.197'],9.197
394,VRC01,93UG070,VRC01__93UG070,['1.23'],1.23
395,VRC01,93UG077,VRC01__93UG077,['0.097'],0.097
396,VRC01,93UG082,VRC01__93UG082,['0.226'],0.226
397,VRC01,94KE105,VRC01__94KE105,['0.499'],0.499
398,VRC01,94UG103,VRC01__94UG103,"['0.285', '0.187']",0.236
399,VRC01,94UG114,VRC01__94UG114,"['0.33', '0.33']",0.33
400,VRC01,94UG118,VRC01__94UG118,['5.24'],5.24
401,VRC01,96USNG17,VRC01__96USNG17,['1.5'],1.5
402,VRC01,96ZM651_02,VRC01__96ZM651_02,"['0.57', '0.797', '0.57', '0.797', '0.525', '1.01', '0.525', '0.525', '0.883', '0.797', '0.802', '0.53', '0.525', '0.797', '0.807', '0.525', '0.607', '0.8236']",0.702
403,VRC01,97ZA009,VRC01__97ZA009,['0.602'],0.602
404,VRC01,98CN006,VRC01__98CN006,['0.655'],0.655
405,VRC01,98CN009,VRC01__98CN009,['0.346'],0.346
406,VRC01,98IN017,VRC01__98IN017,['50'],50.0
407,VRC01,98IN022,VRC01__98IN022,"['1.22', '0.342']",0.781
408,VRC01,98TZ017,VRC01__98TZ017,['0.937'],0.937
409,VRC01,A03349M1_VRC4A,VRC01__A03349M1_VRC4A,"['4.1', '2.94', '4.1', '2.94', '4.66', '5.59', '4.66', '4.66', '4.66', '5.02', '5.36', '4.82', '3.7', '4.66', '2.94', '4.42', '4.766', '3.7', '3.7', '2.96', '4.564']",4.564
410,VRC01,A07412M1_VRC12,VRC01__A07412M1_VRC12,"['0.082', '0.28', '0.28', '0.083', '0.161', '0.153', '0.101', '0.28', '0.148', '0.1454', '0.051']",0.148
411,VRC01,A08483M1_VRC9,VRC01__A08483M1_VRC9,['0.733'],0.733
412,VRC01,AC10_29,VRC01__AC10_29,"['1.41', '0.954', '1.41', '2.83', '0.954', '0.17', '1.43', '1.6', '1.19', '2.2', '1.43', '0.954', '2.2', '1.43', '2.83', '1.43', '1.43', '3.51', '1.6', '1.65', '1.02', '3.26', '1.43', '2.2', '1.43', '0.79', '2.49', '0.954', '2.2', '1.81', '2.49', '2.2', '2.2', '1.32', '1.8046', '0.867']",1.43
413,VRC01,ADA,VRC01__ADA,"['0.563', '0.502', '0.563', '0.502', '0.25', '0.424', '0.801', '0.379', '0.34', '0.424', '0.502', '0.379', '0.424', '0.424', '0.361', '0.852', '0.343', '0.42', '0.424', '0.14', '0.502', '0.47', '0.14', '0.424', '0.408', '0.5844', '0.314']",0.424
414,VRC01,AE01,VRC01__AE01,['0.12'],0.12
415,VRC01,AE03,VRC01__AE03,"['0.01', '0.01']",0.01
416,VRC01,AMC011,VRC01__AMC011,['0.41'],0.41
417,VRC01,APV_13,VRC01__APV_13,['0.657'],0.657
418,VRC01,APV_17,VRC01__APV_17,['0.477'],0.477
419,VRC01,APV_6,VRC01__APV_6,['1.812'],1.812
420,VRC01,B005018_8_F6_3,VRC01__B005018_8_F6_3,"['0.28', '0.28']",0.28
421,VRC01,B01,VRC01__B01,"['1.25', '2.12', '2.12']",2.12
422,VRC01,B02,VRC01__B02,"['0.06', '0.07', '0.07']",0.07
423,VRC01,B03,VRC01__B03,['0.92'],0.92
424,VRC01,B04,VRC01__B04,"['31.13', '31.13']",31.13
425,VRC01,B05,VRC01__B05,['0.01'],0.01
426,VRC01,B06,VRC01__B06,['0.17'],0.17
427,VRC01,BAL_01,VRC01__BAL_01,"['0.124', '0.048', '0.124', '0.048', '0.12', '0.102', '0.156', '0.055', '0.102', '0.048', '0.055', '0.094', '0.102', '0.102', '0.191', '0.059', '0.103', '0.084', '0.1', '0.102', '0.048', '0.095', '0.012', '0.102', '0.112', '0.1128']",0.102
428,VRC01,BAL_26,VRC01__BAL_26,"['0.06', '0.037', '0.06', '0.037', '0.047', '0.047', '0.048', '0.047', '0.037', '0.048', '0.047', '0.047', '0.005', '0.058', '0.06', '0.056', '0.047', '0.037', '0.0239', '0.042', '0.046', '0.0474', '0.01']",0.047
429,VRC01,BB201_B42,VRC01__BB201_B42,"['0.316', '0.23', '0.316', '0.23', '0.343', '0.366', '0.223', '0.343', '0.23', '0.223', '0.343', '0.343', '0.369', '0.308', '0.256', '0.34', '0.343', '0.23', '0.262', '0.343', '0.278', '0.2608']",0.312
430,VRC01,BB539_2B13,VRC01__BB539_2B13,"['0.056', '0.056', '0.094', '0.069', '0.094', '0.056', '0.069', '0.094', '0.094', '0.053', '0.09', '0.131', '0.09', '0.094', '0.056', '0.105', '0.094', '0.089', '0.1164']",0.09
431,VRC01,BC02,VRC01__BC02,['1.2'],1.2
432,VRC01,BC03,VRC01__BC03,['1.86'],1.86
433,VRC01,BC04,VRC01__BC04,['1.22'],1.22
434,VRC01,BC05,VRC01__BC05,['1.08'],1.08
435,VRC01,BC06,VRC01__BC06,['2.53'],2.53
436,VRC01,BC07,VRC01__BC07,"['0.18', '0.18']",0.18
437,VRC01,BC08,VRC01__BC08,['0.44'],0.44
438,VRC01,BC10,VRC01__BC10,['0.62'],0.62
439,VRC01,BC11,VRC01__BC11,['1.42'],1.42
440,VRC01,BC14,VRC01__BC14,['0.79'],0.79
441,VRC01,BC15,VRC01__BC15,['1.16'],1.16
442,VRC01,BC16,VRC01__BC16,['1.96'],1.96
443,VRC01,BC18,VRC01__BC18,['1.06'],1.06
444,VRC01,BF1266_431A,VRC01__BF1266_431A,"['0.07', '0.109', '0.05', '0.109', '0.07', '0.028']",0.07
445,VRC01,BF1677F2_613A,VRC01__BF1677F2_613A,['1.5'],1.5
446,VRC01,BF329,VRC01__BF329,['0.01'],0.01
447,VRC01,BF591,VRC01__BF591,['0.08'],0.08
448,VRC01,BF703,VRC01__BF703,['0.15'],0.15
449,VRC01,BG1168_1,VRC01__BG1168_1,"['0.738', '0.383', '0.738', '0.383', '0.32', '0.449', '1.07', '0.276', '0.449', '0.383', '0.276', '0.449', '0.449', '0.576', '0.449', '1.31', '0.657', '0.379', '0.443', '0.45', '0.449', '0.383', '0.869', '0.218', '0.276', '0.276', '0.811', '0.5492', '0.464']",0.449
450,VRC01,BG505_W6M_A5_T332N,VRC01__BG505_W6M_A5_T332N,['0.1'],0.1
451,VRC01,BG505_W6M_C2,VRC01__BG505_W6M_C2,"['0.067', '0.053', '0.053', '0.056', '0.06', '0.04', '0.052', '0.052', '0.058', '0.164', '0.08', '0.037', '0.19', '0.062', '0.0672', '0.056']",0.057
452,VRC01,BG505_W6M_C2_T332N,VRC01__BG505_W6M_C2_T332N,"['0.07', '0.059', '0.15']",0.07
453,VRC01,BI206_W6P_A1,VRC01__BI206_W6P_A1,['0.25'],0.25
454,VRC01,BI369_9A,VRC01__BI369_9A,"['0.224', '0.08', '0.224', '0.08', '0.149', '0.31', '0.142', '0.149', '0.08', '0.142', '0.149', '0.149', '0.216', '0.176', '0.231', '0.15', '0.149', '0.08', '0.047', '0.149', '0.122', '0.236']",0.149
455,VRC01,BJ168_17,VRC01__BJ168_17,['3.79'],3.79
456,VRC01,BJ171_13,VRC01__BJ171_13,['0.72'],0.72
457,VRC01,BJ175_4,VRC01__BJ175_4,['0.12'],0.12
458,VRC01,BJ176_1,VRC01__BJ176_1,['0.05'],0.05
459,VRC01,BJ17A_6,VRC01__BJ17A_6,['0.8'],0.8
460,VRC01,BJ22_5,VRC01__BJ22_5,['2.27'],2.27
461,VRC01,BJ24_3,VRC01__BJ24_3,['1.46'],1.46
462,VRC01,BJ28_13,VRC01__BJ28_13,['3.49'],3.49
463,VRC01,BJ33_11,VRC01__BJ33_11,['0.17'],0.17
464,VRC01,BJ39_14,VRC01__BJ39_14,['0.81'],0.81
465,VRC01,BJ3_4,VRC01__BJ3_4,['0.3'],0.3
466,VRC01,BJ5_11,VRC01__BJ5_11,['0.22'],0.22
467,VRC01,BJ6_17,VRC01__BJ6_17,['0.07'],0.07
468,VRC01,BJMSM2249,VRC01__BJMSM2249,['3.77'],3.77
469,VRC01,BJMSM2316,VRC01__BJMSM2316,['0.32'],0.32
470,VRC01,BJMSM2498,VRC01__BJMSM2498,['1.5'],1.5
471,VRC01,BJOX003000_19_1,VRC01__BJOX003000_19_1,"['0.1906', '0.1124']",0.1515
472,VRC01,BJOX004000,VRC01__BJOX004000,['3.08'],3.08
473,VRC01,BJOX005000_09_2,VRC01__BJOX005000_09_2,['2.0465'],2.0465
474,VRC01,BJOX006000_13_3,VRC01__BJOX006000_13_3,['0.689'],0.689
475,VRC01,BJOX007000_02_3,VRC01__BJOX007000_02_3,['0.1907'],0.1907
476,VRC01,BJOX009000_02_4,VRC01__BJOX009000_02_4,"['1.54', '1.54', '4.99', '2.15', '4.99', '2.05', '1.1', '1.42', '1.74', '1.4855', '1.2', '1.658', '0.565']",1.54
477,VRC01,BJOX010000_06_2,VRC01__BJOX010000_06_2,"['6.79', '6.79', '10.8', '9', '10.8', '10.8', '6.72', '7.86', '8.4', '5.51', '6.99', '1.77']",7.425000000000001
478,VRC01,BJOX011000_01_3,VRC01__BJOX011000_01_3,['0.365'],0.365
479,VRC01,BJOX014000,VRC01__BJOX014000,['0.7657'],0.7657
480,VRC01,BJOX015000_11_5,VRC01__BJOX015000_11_5,"['0.5041', '0.06']",0.28205
481,VRC01,BJOX016000,VRC01__BJOX016000,['0.2937'],0.2937
482,VRC01,BJOX019000_02_1,VRC01__BJOX019000_02_1,"['0.9807', '1.496']",1.23835
483,VRC01,BJOX020000_03_3,VRC01__BJOX020000_03_3,['2.0815'],2.0815
484,VRC01,BJOX022000_02_3,VRC01__BJOX022000_02_3,['0.3645'],0.3645
485,VRC01,BJOX023000_05_4,VRC01__BJOX023000_05_4,['1.1605'],1.1605
486,VRC01,BJOX025000_01_1,VRC01__BJOX025000_01_1,"['8.46', '8.46', '15.8', '9.06', '15.8', '9.11', '6.6', '6.73', '20.2', '1.983', '6.7', '5.494', '6.04']",8.46
487,VRC01,BJOX025000_05_5,VRC01__BJOX025000_05_5,['2.8457'],2.8457
488,VRC01,BJOX027000_02_1,VRC01__BJOX027000_02_1,['0.1738'],0.1738
489,VRC01,BJOX028000_10_3,VRC01__BJOX028000_10_3,"['0.256', '0.256', '0.426', '0.238', '0.426', '0.238', '0.186', '0.172', '0.188', '0.1195', '0.133', '0.1572', '0.141']",0.188
490,VRC01,BJOX028000_34_2,VRC01__BJOX028000_34_2,['0.1606'],0.1606
491,VRC01,BJOX028000_43_5,VRC01__BJOX028000_43_5,['0.494'],0.494
492,VRC01,BJOX029000_03_1,VRC01__BJOX029000_03_1,"['0.1512', '0.4456']",0.2984
493,VRC01,BJOX031000_02_2,VRC01__BJOX031000_02_2,['0.9298'],0.9298
494,VRC01,BJOX037000,VRC01__BJOX037000,['2.2275'],2.2275
495,VRC01,BJOX046000,VRC01__BJOX046000,['0.547'],0.547
496,VRC01,BJX4_6,VRC01__BJX4_6,['0.44'],0.44
497,VRC01,BJYA105_5,VRC01__BJYA105_5,['0.49'],0.49
498,VRC01,BJYA109_9,VRC01__BJYA109_9,['0.06'],0.06
499,VRC01,BJYA119_6,VRC01__BJYA119_6,['0.05'],0.05
500,VRC01,BR07,VRC01__BR07,"['1.81', '1.32', '1.81', '1.32', '1.666', '2.8', '1.24', '1.67', '1.32', '1.24', '1.666', '1.67', '2.83', '2.01', '1.89', '1.67', '1.67', '1.32', '1.57', '1.2', '1.2', '1.86', '1.58']",1.666
501,VRC01,BS208_B1,VRC01__BS208_B1,"['0.022', '0.005', '0.022', '0.005', '0.029', '0.011', '0.019', '0.029', '0.005', '0.019', '0.029', '0.029', '0.028', '0.02', '0.015', '0.03', '0.029', '0.005', '0.027', '0.019', '0.019', '0.022', '0.0338']",0.022
502,VRC01,BX08_16,VRC01__BX08_16,"['0.389', '0.389', '0.389', '0.389', '0.281', '0.456', '0.281', '0.281', '0.506', '0.261', '0.205', '0.28', '0.281', '0.389', '0.274', '0.281', '0.255', '0.3304']",0.281
503,VRC01,C1080_C3,VRC01__C1080_C3,"['3.026', '2.1', '0.63', '2.1', '3.39', '0.63', '1.5', '3.08', '1.07', '3.39', '1.5', '1.5', '3.4', '2.92', '1.28', '3.4', '1.5', '0.63', '6.3', '3.4', '2.63', '0.195', '3.4', '3.4', '2.89', '1.6618', '1.4']",2.1
504,VRC01,C2101_C1,VRC01__C2101_C1,"['0.179', '0.151', '0.179', '0.51', '0.151', '0.097', '0.212', '0.51', '0.097', '0.097', '0.259', '0.22', '0.132', '0.3', '0.097', '0.151', '0.36', '0.269', '0.36', '0.36', '0.147', '0.1934']",0.18619999999999998
505,VRC01,C3347_C11,VRC01__C3347_C11,"['0.057', '0.095', '0.094', '0.095', '0.124', '0.094', '0.037', '0.111', '0.124', '0.037', '0.037', '0.02', '0.102', '0.069', '0.037', '0.094', '0.17', '0.213', '0.17', '0.17', '0.101', '0.101', '0.063']",0.095
506,VRC01,C4118_9,VRC01__C4118_9,"['0.248', '0.03', '0.248', '0.311', '0.03', '0.11', '0.217', '0.311', '0.11013', '0.11', '0.286', '0.206', '0.111', '0.11', '0.03', '0.285', '0.11', '0.144', '0.2064', '0.05']",0.1275
507,VRC01,CA240_A5_5,VRC01__CA240_A5_5,"['1.33', '1.33']",1.33
508,VRC01,CA327_D2_2,VRC01__CA327_D2_2,"['0.16', '0.16']",0.16
509,VRC01,CA392_H2_6,VRC01__CA392_H2_6,"['0.18', '0.18']",0.18
510,VRC01,CA457_H1_1,VRC01__CA457_H1_1,"['1.43', '1.43']",1.43
511,VRC01,CAAN5342,VRC01__CAAN5342,"['0.945', '0.963', '1.28', '0.963', '2.13', '1.28', '1.06', '1.09', '1.17', '0.824', '1.06', '1.28', '0.824', '0.995', '2.13', '1.06', '1.06', '1.06', '1.72', '1.66', '0.93', '1.28', '0.851', '1.06', '0.824', '1.06', '0.58', '1.23', '1.28', '0.82', '1.03', '1.23', '0.722', '1.59', '0.824', '0.824', '1.2', '1.149', '0.691', '1.3']",1.06
512,VRC01,CAP129_1_15_B2_13,VRC01__CAP129_1_15_B2_13,"['0.15', '0.15']",0.15
513,VRC01,CAP174_1_06_F3_1B,VRC01__CAP174_1_06_F3_1B,"['0.05', '0.05']",0.05
514,VRC01,CAP177_1A3,VRC01__CAP177_1A3,"['0.15', '0.15']",0.15
515,VRC01,CAP188_1_D1_14_REV,VRC01__CAP188_1_D1_14_REV,"['0.18', '0.18']",0.18
516,VRC01,CAP200_B8A,VRC01__CAP200_B8A,"['0.48', '0.48']",0.48
517,VRC01,CAP220_2_00_A8_5B,VRC01__CAP220_2_00_A8_5B,"['0.05', '0.05']",0.05
518,VRC01,CAP221_B14,VRC01__CAP221_B14,"['0.36', '0.36']",0.36
519,VRC01,CAP224_1_18_C7_3,VRC01__CAP224_1_18_C7_3,"['1.26', '1.26']",1.26
520,VRC01,CAP225_1_06_A2_18,VRC01__CAP225_1_06_A2_18,"['1.17', '1.17']",1.17
521,VRC01,CAP244_D3,VRC01__CAP244_D3,"['1.33', '0.417', '0.3', '1.33', '0.417', '0.857', '1.01', '0.64', '0.428', '0.857', '0.417', '0.428', '0.857', '0.857', '1.52', '0.866', '0.862', '0.86', '0.857', '0.417', '1.34', '0.3', '0.428', '0.428', '0.951', '0.9994']",0.857
522,VRC01,CAP256_SU,VRC01__CAP256_SU,"['0.971', '0.971', '0.628', '0.889', '0.832', '0.649', '1.07', '0.732', '0.6492']",0.832
523,VRC01,CAP258_2_00_X_23,VRC01__CAP258_2_00_X_23,"['0.45', '0.45']",0.45
524,VRC01,CAP260_2_00_TA1_1B,VRC01__CAP260_2_00_TA1_1B,"['0.07', '0.07']",0.07
525,VRC01,CAP269_2_00_F11_1,VRC01__CAP269_2_00_F11_1,"['0.11', '0.11']",0.11
526,VRC01,CAP290_2_00_23_6,VRC01__CAP290_2_00_23_6,"['1.98', '1.98']",1.98
527,VRC01,CAP291_2_00_H2_15,VRC01__CAP291_2_00_H2_15,"['0.58', '0.58']",0.58
528,VRC01,CAP292_2_00_12_4,VRC01__CAP292_2_00_12_4,"['0.51', '0.51']",0.51
529,VRC01,CAP301_2_00_C3_20,VRC01__CAP301_2_00_C3_20,"['3.96', '3.96']",3.96
530,VRC01,CAP304_2_00_F6_6,VRC01__CAP304_2_00_F6_6,"['0.04', '0.04']",0.04
531,VRC01,CAP306_2_00_F9_1,VRC01__CAP306_2_00_F9_1,"['0.34', '0.34']",0.34
532,VRC01,CAP307_2_00_24_1,VRC01__CAP307_2_00_24_1,"['0.29', '0.29']",0.29
533,VRC01,CAP310_2_00_20_2,VRC01__CAP310_2_00_20_2,"['0.66', '0.66']",0.66
534,VRC01,CAP326_2_00_D9_2,VRC01__CAP326_2_00_D9_2,"['1.59', '1.59']",1.59
535,VRC01,CAP327_2_00_C6_37,VRC01__CAP327_2_00_C6_37,"['0.39', '0.39']",0.39
536,VRC01,CAP330_2_00_F2_41,VRC01__CAP330_2_00_F2_41,"['0.56', '0.56']",0.56
537,VRC01,CAP331_2_00_D7_39,VRC01__CAP331_2_00_D7_39,"['0.4', '0.4']",0.4
538,VRC01,CAP332_2_00_C10_1,VRC01__CAP332_2_00_C10_1,"['0.23', '0.23']",0.23
539,VRC01,CAP340_2_00_B3_16,VRC01__CAP340_2_00_B3_16,"['0.04', '0.04']",0.04
540,VRC01,CAP341_2_00_C10_18,VRC01__CAP341_2_00_C10_18,"['0.34', '0.34']",0.34
541,VRC01,CAP343_2_00_21_2,VRC01__CAP343_2_00_21_2,"['5.46', '5.46']",5.46
542,VRC01,CAP347_2_00_B1_1,VRC01__CAP347_2_00_B1_1,"['0.24', '0.24']",0.24
543,VRC01,CAP363_2_00_10_3,VRC01__CAP363_2_00_10_3,"['2.12', '2.12']",2.12
544,VRC01,CAP37_1_18_D2_19,VRC01__CAP37_1_18_D2_19,"['3.09', '3.09']",3.09
545,VRC01,CAP45_G3,VRC01__CAP45_G3,"['4.459', '7', '8.32', '7', '7.38', '8.32', '2.29', '5.63', '8.9', '2.29', '9.47', '9.47', '8.32', '2.29', '7.38', '9.47', '9.47', '9.09', '6.63', '8.21', '6.31', '9.47', '2.3', '9.47', '8.32', '17.1', '2.3', '6.75', '8.95', '2.3', '2.3', '4.61', '6.09', '1.92']",7.1899999999999995
546,VRC01,CAP88_6M_C10,VRC01__CAP88_6M_C10,['1.94'],1.94
547,VRC01,CE0089_G2,VRC01__CE0089_G2,"['0.25', '0.25']",0.25
548,VRC01,CE0393_C3,VRC01__CE0393_C3,"['0.62', '1.74', '1.74', '0.62', '0.37']",0.62
549,VRC01,CE0626_E6,VRC01__CE0626_E6,"['0.52', '0.52']",0.52
550,VRC01,CE0665_F2,VRC01__CE0665_F2,"['0.48', '0.48']",0.48
551,VRC01,CE0682_E4,VRC01__CE0682_E4,"['0.08', '0.381', '0.381', '0.08']",0.2305
552,VRC01,CE1086_B2,VRC01__CE1086_B2,"['0.42', '0.775', '0.775', '0.42']",0.5975
553,VRC01,CE1176_A3,VRC01__CE1176_A3,"['2.6', '2.25', '2.6', '3.47', '2.25', '3.47', '4.88', '2.09', '2.28', '2.14', '10', '1.83', '1.85', '1.83', '2.25', '2.04', '1.374', '1.248', '2.46', '3.116', '1.25']",2.25
554,VRC01,CE2010_F5,VRC01__CE2010_F5,"['0.32', '1.27', '1.27', '0.32', '0.153']",0.32
555,VRC01,CE2052_G10,VRC01__CE2052_G10,"['0.18', '0.18']",0.18
556,VRC01,CE2060_G9,VRC01__CE2060_G9,"['0.29', '0.679', '0.679', '0.29', '0.109']",0.29
557,VRC01,CH038_12,VRC01__CH038_12,"['0.519', '0.386', '0.519', '0.386', '0.379', '0.542', '0.379', '0.379', '0.379', '0.383', '0.546', '0.317', '0.52', '0.379', '0.386', '0.447', '0.52', '0.52', '0.518', '0.3328']",0.386
558,VRC01,CH064_20,VRC01__CH064_20,"['0.45', '0.55', '0.55', '0.45']",0.5
559,VRC01,CH070_1,VRC01__CH070_1,"['9.99', '1.67', '9.99', '1.67', '18.7', '9.9', '18.7', '18.7', '18.7', '9.9', '11.2', '7.11', '18.7', '10.76', '1.67', '14', '10.76', '37.7', '37.7', '11.5', '7.56']",10.76
560,VRC01,CH091_9,VRC01__CH091_9,"['0.23', '0.23']",0.23
561,VRC01,CH110_2,VRC01__CH110_2,"['1.34', '1.9', '4.16', '1.9']",1.9
562,VRC01,CH111_8,VRC01__CH111_8,"['3.9', '3.9']",3.9
563,VRC01,CH114_8,VRC01__CH114_8,"['0.29', '0.29', '0.21']",0.29
564,VRC01,CH115_12,VRC01__CH115_12,['2.7'],2.7
565,VRC01,CH117_4,VRC01__CH117_4,"['0.095', '0.021', '0.095', '0.021', '0.059', '0.153', '0.05921', '0.059', '0.36', '0.113', '0.107', '0.107', '0.059', '0.11', '0.021', '0.105', '0.11', '0.14', '0.14', '0.108', '0.1054']",0.1054
566,VRC01,CH119_10,VRC01__CH119_10,"['0.577', '0.577', '1.2', '1.56', '0.571', '0.581', '0.68', '0.97', '0.833', '0.97', '1.19', '0.2741', '0.2741', '1.3', '0.982', '0.8288']",0.8309
567,VRC01,CH120_6,VRC01__CH120_6,"['6.9', '4.5', '4.5', '3.1']",4.5
568,VRC01,CH181_12,VRC01__CH181_12,"['0.481', '0.341', '0.481', '0.341', '0.54', '1.04', '0.54', '0.54', '1.14', '0.656', '0.478', '0.487', '0.49', '0.54', '0.341', '0.487', '0.49', '0.49', '0.682', '0.4446']",0.49
569,VRC01,CH505_TF,VRC01__CH505_TF,['0.14'],0.14
570,VRC01,CH505_W4_3,VRC01__CH505_W4_3,"['0.05', '0.02', '0.02']",0.02
571,VRC01,CM235_2,VRC01__CM235_2,['0.26'],0.26
572,VRC01,CM244_90TH,VRC01__CM244_90TH,['1.46'],1.46
573,VRC01,CM244_EC1,VRC01__CM244_EC1,"['0.089', '0.041', '0.085', '0.168', '0.116', '0.101', '0.1354']",0.101
574,VRC01,CMU02,VRC01__CMU02,"['0.515', '0.515']",0.515
575,VRC01,CNE1,VRC01__CNE1,"['0.03', '0.0101']",0.02005
576,VRC01,CNE10,VRC01__CNE10,"['0.689', '0.408', '0.689', '0.408', '0.776', '0.939', '0.776', '0.776', '0.806', '0.784', '0.953', '0.78', '0.776', '0.408', '0.565', '1.0622', '0.776', '0.425', '0.7562']",0.776
577,VRC01,CNE107,VRC01__CNE107,"['0.54', '0.999', '1.245']",0.999
578,VRC01,CNE11,VRC01__CNE11,"['0.23', '0.23', '0.5238']",0.23
579,VRC01,CNE12,VRC01__CNE12,"['0.695', '0.867', '0.695', '0.867', '0.42', '0.785', '1.15', '0.785', '0.785', '0.809', '0.736', '0.64', '0.79', '0.785', '0.867', '0.866', '2.6', '0.785', '1.11', '0.703']",0.785
580,VRC01,CNE14,VRC01__CNE14,"['0.199', '0.285', '0.199', '0.285', '0.47', '0.389', '0.507', '0.389', '0.389', '0.353', '0.239', '0.263', '0.39', '0.389', '0.56', '0.285', '0.275', '0.56', '0.65', '0.3581', '0.389', '0.249', '0.3166']",0.3581
581,VRC01,CNE15,VRC01__CNE15,"['0.1', '0.153', '0.1', '0.153', '0.08', '0.181', '0.08', '0.08', '0.08', '0.147', '0.126', '0.103', '0.08', '0.153', '0.141', '0.07', '0.38', '0.08', '0.139', '0.151']",0.11449999999999999
582,VRC01,CNE16,VRC01__CNE16,"['0.14', '0.42']",0.28
583,VRC01,CNE17,VRC01__CNE17,"['1.87', '1.87', '1.27', '1.27', '0.93', '1.2144', '0.219']",1.27
584,VRC01,CNE18,VRC01__CNE18,['0.3'],0.3
585,VRC01,CNE19,VRC01__CNE19,"['0.169', '0.169', '0.588', '0.269', '0.588', '0.135', '0.253', '0.168', '0.247', '0.1862', '0.224', '0.2146', '0.127']",0.2146
586,VRC01,CNE2,VRC01__CNE2,"['0.05', '0.05', '0.7', '0.2513']",0.15065
587,VRC01,CNE20,VRC01__CNE20,"['9.25', '9.25', '6.5', '8.77', '6.5', '8.87', '11.1', '6.54', '7.39', '1.206', '9.58', '10.954', '4.85']",8.77
588,VRC01,CNE21,VRC01__CNE21,"['0.357', '0.357', '0.387', '0.566', '0.387', '0.482', '0.277', '0.32', '0.274', '0.2493', '0.422', '0.3102', '0.212']",0.357
589,VRC01,CNE23,VRC01__CNE23,"['19.5', '16.29', '16.29', '1.89']",16.29
590,VRC01,CNE3,VRC01__CNE3,"['1.63', '2.8', '1.63', '2.8', '3.56', '2.02', '3.18', '3.56', '3.56', '2.17', '1.6', '1.53', '3.56', '4.94', '2.8', '1.79', '4.94', '0.26', '2.9175', '17.7', '17.7', '1.76', '1.666']",2.8
591,VRC01,CNE30,VRC01__CNE30,"['0.525', '0.686', '0.525', '0.925', '0.686', '0.927', '0.954', '0.72', '0.925', '0.927', '0.927', '0.999', '1.01', '1.05', '0.93', '0.927', '0.59', '0.686', '0.693', '0.59', '1.28', '1.1075', '0.927', '0.927', '0.8632', '0.593']",0.926
592,VRC01,CNE31,VRC01__CNE31,"['0.786', '1.03', '0.786', '1.03', '0.962', '1.3', '0.962', '0.962', '1.4', '0.824', '0.809', '0.96', '0.962', '1.03', '0.772', '1.15', '0.962', '1.05', '1.0494']",0.962
593,VRC01,CNE4,VRC01__CNE4,"['0.639', '0.377', '0.639', '0.377', '0.61', '0.871', '0.971', '0.871', '0.871', '1.07', '0.589', '0.721', '0.87', '0.871', '0.83', '0.377', '0.91', '0.83', '2.062', '1.289', '0.871', '0.615', '0.7332']",0.83
594,VRC01,CNE40,VRC01__CNE40,"['0.37', '0.33', '0.37', '0.33', '0.425', '0.602', '0.425', '0.425', '0.608', '0.481', '0.379', '0.425', '0.3', '0.33', '0.476', '0.433', '0.3', '0.37', '0.5761', '0.425', '0.287', '0.4848']",0.425
595,VRC01,CNE46,VRC01__CNE46,"['3.03', '3.03', '1.23', '0.8708']",2.13
596,VRC01,CNE47,VRC01__CNE47,"['9.27', '29.02', '29.02']",29.02
597,VRC01,CNE48,VRC01__CNE48,['0.39'],0.39
598,VRC01,CNE49,VRC01__CNE49,"['0.31', '0.31', '0.49', '0.1397']",0.31
599,VRC01,CNE5,VRC01__CNE5,"['0.323', '0.379', '0.323', '0.332', '0.379', '0.228', '0.358', '0.332', '0.228', '0.228', '0.411', '0.359', '0.22', '0.228', '0.379', '0.583', '0.37', '0.398', '0.1942', '0.37', '0.37', '0.189', '0.3154', '0.059']",0.332
600,VRC01,CNE52,VRC01__CNE52,"['0.215', '0.215', '0.142']",0.215
601,VRC01,CNE53,VRC01__CNE53,"['0.087', '0.078', '0.087', '0.095', '0.078', '0.108', '0.113', '0.108', '0.108', '0.153', '0.111', '0.103', '0.11', '0.108', '0.11', '0.078', '0.112', '0.11', '0.15', '0.0174', '0.108', '0.062', '0.114', '0.042']",0.108
602,VRC01,CNE55,VRC01__CNE55,"['0.359', '0.465', '0.359', '0.465', '0.3', '0.292', '0.394', '0.292', '0.292', '0.64', '0.446', '0.315', '0.366', '0.292', '0.42', '0.465', '0.358', '0.42', '0.459', '0.45', '0.2765', '0.197', '0.2765', '0.39', '0.39', '0.225', '0.3548']",0.359
603,VRC01,CNE56,VRC01__CNE56,"['0.343', '0.632', '0.343', '0.632', '0.442', '0.564', '0.442', '0.442', '0.447', '0.517', '0.494', '0.442', '0.632', '0.525', '0.43', '0.43', '0.352', '0.4544']",0.4445
604,VRC01,CNE57,VRC01__CNE57,"['0.496', '0.315', '0.496', '0.315', '0.56', '0.535', '0.755', '0.535', '0.535', '0.572', '0.525', '0.523', '0.54', '0.535', '0.315', '0.563', '0.7', '0.9678', '0.535', '0.639', '0.5316']",0.535
605,VRC01,CNE58,VRC01__CNE58,"['0.225', '0.222', '0.225', '0.258', '0.222', '0.124', '0.221', '0.124', '0.124', '0.289', '0.207', '0.121', '0.12', '0.124', '0.14', '0.222', '0.252', '0.14', '0.171', '0.0262', '0.124', '0.18', '0.2098', '0.083']",0.1755
606,VRC01,CNE59,VRC01__CNE59,"['0.623', '0.187', '0.623', '0.187', '0.516', '1.12', '0.516', '0.516', '0.838', '0.735', '0.468', '0.516', '0.532', '34.15', '0.187', '0.355', '0.368', '34.15', '0.344', '0.7721', '0.54', '0.54', '0.573', '0.825']",0.536
607,VRC01,CNE59_N651K,VRC01__CNE59_N651K,['0.423'],0.423
608,VRC01,CNE65,VRC01__CNE65,"['0.96', '0.96', '1.8585']",0.96
609,VRC01,CNE68,VRC01__CNE68,"['0.57', '0.44', '0.6502']",0.57
610,VRC01,CNE7,VRC01__CNE7,"['0.286', '0.38', '0.286', '0.38', '0.54', '0.327', '0.054', '0.54', '0.54', '0.434', '0.371', '0.36', '0.54', '0.38', '0.187', '0.56', '0.32', '0.54', '0.211', '0.3972']",0.38
611,VRC01,CNE8,VRC01__CNE8,"['0.51', '0.51', '0.968', '0.8', '0.968', '0.56', '0.315', '0.398', '0.824', '0.43', '0.299', '0.43', '0.95', '1.09', '1.366', '1.09', '1.3', '0.175', '0.49', '0.126']",0.535
612,VRC01,CNXJ0651_10,VRC01__CNXJ0651_10,['13.07'],13.07
613,VRC01,CNXJ0651_5,VRC01__CNXJ0651_5,['20.69'],20.69
614,VRC01,CNXJ0651_9,VRC01__CNXJ0651_9,['10.16'],10.16
615,VRC01,CT072_56_7,VRC01__CT072_56_7,"['0.06', '0.06']",0.06
616,VRC01,CT184_D3_15,VRC01__CT184_D3_15,"['0.1', '0.1']",0.1
617,VRC01,CT349_39_16,VRC01__CT349_39_16,"['0.12', '0.12']",0.12
618,VRC01,CT431_G6_6,VRC01__CT431_G6_6,"['1.29', '1.29']",1.29
619,VRC01,CT533_T23B_36,VRC01__CT533_T23B_36,['0.295'],0.295
620,VRC01,CT810_G4_7,VRC01__CT810_G4_7,"['0.51', '0.51']",0.51
621,VRC01,CT823_B6_1,VRC01__CT823_B6_1,"['0.06', '0.06']",0.06
622,VRC01,CT885_H3_2,VRC01__CT885_H3_2,"['2.38', '2.38']",2.38
623,VRC01,CT966_E1_7,VRC01__CT966_E1_7,"['0.56', '0.56']",0.56
624,VRC01,CT977_69_12,VRC01__CT977_69_12,"['0.24', '0.24']",0.24
625,VRC01,DH12,VRC01__DH12,['0.227'],0.227
626,VRC01,DJ263_8,VRC01__DJ263_8,"['0.066', '0.108', '0.066', '0.108', '0.072', '0.213', '0.08', '0.072', '0.108', '0.08', '0.072', '0.072', '1.21', '0.154', '0.068', '0.07', '0.08', '0.072', '0.108', '0.047', '0.068', '0.08', '0.08', '0.048', '0.1024']",0.08
627,VRC01,DRVI01_0507_16,VRC01__DRVI01_0507_16,['0.84'],0.84
628,VRC01,DU123_06,VRC01__DU123_06,"['7.92', '5.53', '7.92', '5.53', '18.2', '6.73', '18.2', '13.6', '13.6', '5.53', '18.2', '13.6', '13.6', '12.8', '8', '5.95', '13.6', '13.6', '5.53', '5.7', '18.2', '18.2', '5.71', '5.066']",10.4
629,VRC01,DU151_02,VRC01__DU151_02,"['14.8', '2.51', '14.8', '2.51', '3.16', '11', '3.16', '7.7', '7.7', '2.51', '3.16', '7.7', '7.7', '12.7', '9.95', '9.95', '40.6', '7.7', '7.7', '2.51', '10.5', '3.2', '3.2', '10.4', '11.934']",7.7
630,VRC01,DU156_12,VRC01__DU156_12,"['0.118', '0.086', '0.088', '0.06', '0.086', '0.092', '0.088', '0.06', '0.082', '0.159', '0.09', '0.089', '0.082', '0.088', '0.089', '0.067', '0.092', '0.082', '0.082', '0.14', '0.18', '0.093', '0.107', '0.115', '0.08', '0.089', '0.082', '0.088', '0.0494', '0.09', '0.077', '0.06', '0.57', '0.053', '0.089', '0.089', '0.073', '0.0942', '0.059', '0.15']",0.088
631,VRC01,E08364M4_EC3,VRC01__E08364M4_EC3,['20.446'],20.446
632,VRC01,ELI,VRC01__ELI,['3.6'],3.6
633,VRC01,EN3C016,VRC01__EN3C016,['1.7871'],1.7871
634,VRC01,EN3C028,VRC01__EN3C028,['1.6674'],1.6674
635,VRC01,EN3C041,VRC01__EN3C041,['1.3681'],1.3681
636,VRC01,EN3C045,VRC01__EN3C045,['0.5813'],0.5813
637,VRC01,EN3C059,VRC01__EN3C059,['21.4415'],21.4415
638,VRC01,EN3C061,VRC01__EN3C061,['0.6382'],0.6382
639,VRC01,EN3C068,VRC01__EN3C068,['2.0384'],2.0384
640,VRC01,EN3C073,VRC01__EN3C073,['1.3944'],1.3944
641,VRC01,EN3C075,VRC01__EN3C075,['2.005'],2.005
642,VRC01,EN3C088,VRC01__EN3C088,['1.3092'],1.3092
643,VRC01,EN3D006,VRC01__EN3D006,['1.0039'],1.0039
644,VRC01,EN3D020,VRC01__EN3D020,['2.0042'],2.0042
645,VRC01,EN3D054,VRC01__EN3D054,['0.9561'],0.9561
646,VRC01,EN3D059,VRC01__EN3D059,['2.8993'],2.8993
647,VRC01,EN3D066,VRC01__EN3D066,['0.3923'],0.3923
648,VRC01,EN3D069,VRC01__EN3D069,['0.8521'],0.8521
649,VRC01,EN3D071,VRC01__EN3D071,['7.4507'],7.4507
650,VRC01,EN3D079,VRC01__EN3D079,['2.2708'],2.2708
651,VRC01,FE,VRC01__FE,['5.5'],5.5
652,VRC01,FE_N133Q,VRC01__FE_N133Q,['5.178'],5.178
653,VRC01,FE_N142Q,VRC01__FE_N142Q,['5.1'],5.1
654,VRC01,FE_N197D,VRC01__FE_N197D,['2.355'],2.355
655,VRC01,FE_N289D,VRC01__FE_N289D,['3.8'],3.8
656,VRC01,FE_N301Q,VRC01__FE_N301Q,['2.33'],2.33
657,VRC01,FE_N339Q,VRC01__FE_N339Q,['4.899'],4.899
658,VRC01,FE_N355Q,VRC01__FE_N355Q,['5.456'],5.456
659,VRC01,FE_N392Q,VRC01__FE_N392Q,['5.678'],5.678
660,VRC01,FE_N408Q,VRC01__FE_N408Q,['5.777'],5.777
661,VRC01,FE_N411Q,VRC01__FE_N411Q,['5.23'],5.23
662,VRC01,FE_N442Q,VRC01__FE_N442Q,['4.12'],4.12
663,VRC01,FE_N448Q,VRC01__FE_N448Q,['4.987'],4.987
664,VRC01,FE_N463Q,VRC01__FE_N463Q,['3.45'],3.45
665,VRC01,FE_N466Q,VRC01__FE_N466Q,['3.204'],3.204
666,VRC01,FE_N611Q,VRC01__FE_N611Q,['5.431'],5.431
667,VRC01,FE_N625Q,VRC01__FE_N625Q,['5.398'],5.398
668,VRC01,FE_N637Q,VRC01__FE_N637Q,['5.178'],5.178
669,VRC01,FE_N88D,VRC01__FE_N88D,['4.936'],4.936
670,VRC01,FRO,VRC01__FRO,['8.78'],8.78
671,VRC01,GX11_13,VRC01__GX11_13,['0.49'],0.49
672,VRC01,GX13_7,VRC01__GX13_7,['0.91'],0.91
673,VRC01,GX142_2,VRC01__GX142_2,['0.19'],0.19
674,VRC01,GX155_55,VRC01__GX155_55,['1.04'],1.04
675,VRC01,GX2010_36,VRC01__GX2010_36,"['0.07', '3.22']",1.645
676,VRC01,GX24_8,VRC01__GX24_8,['0.1'],0.1
677,VRC01,GX25_29,VRC01__GX25_29,['0.02'],0.02
678,VRC01,GX28_31,VRC01__GX28_31,['0.69'],0.69
679,VRC01,GX33M_25,VRC01__GX33M_25,['1.81'],1.81
680,VRC01,GX34_21,VRC01__GX34_21,['0.34'],0.34
681,VRC01,GX35_33,VRC01__GX35_33,['0.25'],0.25
682,VRC01,GX43_2,VRC01__GX43_2,['1.29'],1.29
683,VRC01,GX45_57,VRC01__GX45_57,['1.13'],1.13
684,VRC01,GX54_6,VRC01__GX54_6,['0.52'],0.52
685,VRC01,GX68_5,VRC01__GX68_5,['0.35'],0.35
686,VRC01,GX71_18,VRC01__GX71_18,['0.34'],0.34
687,VRC01,GX72_27,VRC01__GX72_27,['0.25'],0.25
688,VRC01,GX73_29,VRC01__GX73_29,['0.27'],0.27
689,VRC01,GX74_20,VRC01__GX74_20,['0.33'],0.33
690,VRC01,GX75_20,VRC01__GX75_20,['0.85'],0.85
691,VRC01,GX79_7,VRC01__GX79_7,['0.39'],0.39
692,VRC01,GX81_43,VRC01__GX81_43,['0.31'],0.31
693,VRC01,GX83_47,VRC01__GX83_47,['0.94'],0.94
694,VRC01,GX84_59,VRC01__GX84_59,['1.86'],1.86
695,VRC01,GX88_47,VRC01__GX88_47,['0.16'],0.16
696,VRC01,GX8C_31,VRC01__GX8C_31,['1.13'],1.13
697,VRC01,GX90_1,VRC01__GX90_1,['0.54'],0.54
698,VRC01,GX91_2,VRC01__GX91_2,['0.69'],0.69
699,VRC01,GZ187_10,VRC01__GZ187_10,['0.46'],0.46
700,VRC01,GZ30_6,VRC01__GZ30_6,['1.19'],1.19
701,VRC01,GZ36_5,VRC01__GZ36_5,['1.28'],1.28
702,VRC01,GZ38_2,VRC01__GZ38_2,['0.17'],0.17
703,VRC01,H022_7,VRC01__H022_7,['0.6'],0.6
704,VRC01,H029_12,VRC01__H029_12,['0.55'],0.55
705,VRC01,H030_7,VRC01__H030_7,['1.3'],1.3
706,VRC01,H031_7,VRC01__H031_7,['0.9'],0.9
707,VRC01,H035_18,VRC01__H035_18,['9.1'],9.1
708,VRC01,H061_14,VRC01__H061_14,['0.59'],0.59
709,VRC01,H077_31,VRC01__H077_31,['0.18'],0.18
710,VRC01,H078_14,VRC01__H078_14,['0.35'],0.35
711,VRC01,H079_2,VRC01__H079_2,['0.85'],0.85
712,VRC01,H080_23,VRC01__H080_23,['0.71'],0.71
713,VRC01,HB5_3,VRC01__HB5_3,"['1.29', '0.27', '0.27']",0.27
714,VRC01,HEB46_6,VRC01__HEB46_6,['0.02'],0.02
715,VRC01,HEB5_10,VRC01__HEB5_10,['1.45'],1.45
716,VRC01,HEB87_2,VRC01__HEB87_2,['0.21'],0.21
717,VRC01,HN15A_27,VRC01__HN15A_27,['0.12'],0.12
718,VRC01,HN18A_41,VRC01__HN18A_41,['0.03'],0.03
719,VRC01,HN40_40,VRC01__HN40_40,['0.03'],0.03
720,VRC01,HN6A_40,VRC01__HN6A_40,['1.29'],1.29
721,VRC01,HT593_1,VRC01__HT593_1,"['0.606', '0.613', '0.606', '0.613', '0.438', '1.07', '0.334', '0.438', '0.613', '0.334', '0.438', '0.438', '0.819', '0.603', '0.822', '0.44', '0.438', '0.613', '0.476', '0.334', '0.334', '0.52', '0.5308']",0.52
722,VRC01,HUB199_1,VRC01__HUB199_1,['0.76'],0.76
723,VRC01,HUB32_3,VRC01__HUB32_3,['0.27'],0.27
724,VRC01,HXB2,VRC01__HXB2,"['0.063', '0.022', '0.063', '0.022', '0.04', '0.071', '0.034', '0.04', '0.022', '0.034', '0.04', '0.04', '0.04', '0.03', '0.068', '0.065', '0.027', '0.04', '0.04', '0.022', '0.051', '0.034', '0.04', '0.044', '0.0496', '0.022']",0.04
725,VRC01,IAVI_C22,VRC01__IAVI_C22,['0.348'],0.348
726,VRC01,IDC561_F12,VRC01__IDC561_F12,['4.639'],4.639
727,VRC01,IDC561_G09,VRC01__IDC561_G09,['3.06'],3.06
728,VRC01,IDC561_H05,VRC01__IDC561_H05,['1.121'],1.121
729,VRC01,JRCSF,VRC01__JRCSF,"['0.14', '0.145', '0.436', '0.199', '0.436', '0.199', '0.028', '0.234', '0.483', '0.093', '0.47', '0.285', '0.234', '0.199', '0.093', '0.134', '0.234', '0.16', '0.234', '0.43', '0.453', '0.163', '0.313', '0.285', '0.23', '0.234', '0.029', '6.43', '0.199', '0.409', '0.365', '0.362', '0.164', '0.097', '0.129', '0.093', '0.093', '0.355', '0.3498', '0.172', '0.033']",0.23
730,VRC01,JRCSF_N156Q,VRC01__JRCSF_N156Q,"['0.54', '0.044']",0.29200000000000004
731,VRC01,JRCSF_N186Q,VRC01__JRCSF_N186Q,"['0.35', '0.027']",0.1885
732,VRC01,JRCSF_N197D,VRC01__JRCSF_N197D,['0.006'],0.006
733,VRC01,JRCSF_N197Q,VRC01__JRCSF_N197Q,"['0.09', '0.009']",0.049499999999999995
734,VRC01,JRCSF_N276Q,VRC01__JRCSF_N276Q,"['0.17', '0.017']",0.0935
735,VRC01,JRCSF_N295Q,VRC01__JRCSF_N295Q,"['0.47', '0.04']",0.255
736,VRC01,JRCSF_N301Q,VRC01__JRCSF_N301Q,"['0.21', '0.026']",0.118
737,VRC01,JRCSF_N332Q,VRC01__JRCSF_N332Q,"['0.63', '0.036']",0.333
738,VRC01,JRCSF_N386Q,VRC01__JRCSF_N386Q,"['0.23', '0.022']",0.126
739,VRC01,JRCSF_N392Q,VRC01__JRCSF_N392Q,"['0.14', '0.025']",0.0825
740,VRC01,JRCSF_N397Q,VRC01__JRCSF_N397Q,"['0.42', '0.03']",0.22499999999999998
741,VRC01,JRCSF_N411Q,VRC01__JRCSF_N411Q,"['0.52', '0.03']",0.275
742,VRC01,JRCSF_N448Q,VRC01__JRCSF_N448Q,"['0.46', '0.024']",0.24200000000000002
743,VRC01,JRCSF_N461Q,VRC01__JRCSF_N461Q,"['0.13', '0.006']",0.068
744,VRC01,JRCSF_S199A,VRC01__JRCSF_S199A,['0.01'],0.01
745,VRC01,JRFL,VRC01__JRFL,"['0.051', '0.02', '0.051', '0.02', '0.01', '0.033', '0.034', '0.031', '0.1', '0.033', '0.02', '0.031', '0.018', '0.033', '0.033', '0.02', '0.024', '0.039', '0.026', '0.042', '0.077', '0.03', '0.033', '0.005', '0.06', '0.02', '0.154', '0.29', '0.028', '0.06', '0.034', '0.007', '0.008', '0.0145', '0.031', '0.031', '0.029', '0.0424', '0.141', '0.048']",0.032
746,VRC01,JRFL_D197N,VRC01__JRFL_D197N,"['0.23', '0.019']",0.1245
747,VRC01,JRFL_D197N_S199A,VRC01__JRFL_D197N_S199A,['0.015'],0.015
748,VRC01,JRFL_D197Q,VRC01__JRFL_D197Q,['0.01'],0.01
749,VRC01,JRFL_N156Q,VRC01__JRFL_N156Q,['0.757'],0.757
750,VRC01,KER2008_12,VRC01__KER2008_12,"['0.255', '0.591', '0.597', '0.591', '0.597', '0.563', '0.844', '0.58', '0.379', '0.563', '0.597', '0.379', '0.35', '0.563', '0.563', '0.901', '0.613', '0.49', '0.56', '0.563', '0.597', '0.487', '0.379', '0.379', '0.493', '0.5954', '0.616']",0.563
751,VRC01,KER2018_11,VRC01__KER2018_11,"['0.555', '0.858', '0.555', '0.858', '0.07', '0.881', '0.46', '0.652', '0.07', '0.858', '0.652', '0.381', '0.07', '0.07', '0.713', '0.37', '0.552', '0.419', '0.07', '0.07', '0.858', '0.594', '0.348', '0.701', '0.652', '0.652', '0.327', '0.551', '0.542']",0.552
752,VRC01,KNH1144,VRC01__KNH1144,['0.134'],0.134
753,VRC01,KNH1209_18,VRC01__KNH1209_18,"['0.099', '0.218', '0.099', '0.218', '0.087', '0.142', '0.087', '0.087', '0.218', '0.087', '0.087', '0.087', '0.11', '0.096', '0.138', '0.09', '0.087', '0.218', '0.119', '0.087', '0.087', '0.087', '0.128']",0.096
754,VRC01,KO224_T87_2_4,VRC01__KO224_T87_2_4,"['0.41', '0.41']",0.41
755,VRC01,KO243_H6_3,VRC01__KO243_H6_3,"['0.67', '0.67']",0.67
756,VRC01,KO426_T78_10,VRC01__KO426_T78_10,"['0.4', '1.52', '1.77', '2.03', '2.2', '1.93', '0.4', '2.01', '1.858']",1.858
757,VRC01,KO459_T68_4,VRC01__KO459_T68_4,"['1.27', '1.27']",1.27
758,VRC01,KO756_38_TB12,VRC01__KO756_38_TB12,"['0.07', '0.07']",0.07
759,VRC01,KO870_C2_10,VRC01__KO870_C2_10,"['0.23', '0.23']",0.23
760,VRC01,LAI,VRC01__LAI,['0.164'],0.164
761,VRC01,M02138,VRC01__M02138,"['0.478', '0.478', '0.742', '0.348', '0.742', '0.478', '0.348', '0.742', '0.742', '1.35', '0.975', '0.56', '0.742', '0.478', '0.898', '0.35', '0.348', '0.681', '1.0636']",0.681
762,VRC01,MB201_A1,VRC01__MB201_A1,"['0.212', '0.098', '0.212', '0.098', '0.237', '0.286', '0.17', '0.165', '0.237', '0.098', '0.165', '0.237', '0.237', '0.404', '0.26', '0.209', '0.24', '0.237', '0.098', '0.241', '0.237', '0.169', '0.1982']",0.212
763,VRC01,MB201_B10,VRC01__MB201_B10,"['0.132', '0.132']",0.132
764,VRC01,MB539_2B7,VRC01__MB539_2B7,"['0.5', '0.316', '0.5', '0.316', '0.544', '0.685', '0.43', '0.531', '0.544', '0.316', '0.531', '0.544', '0.544', '0.652', '0.48', '0.486', '0.54', '0.544', '0.316', '0.512', '0.544', '0.441', '0.4696']",0.512
765,VRC01,MB539_2D1,VRC01__MB539_2D1,"['0.06', '0.06']",0.06
766,VRC01,ME067_A10_15,VRC01__ME067_A10_15,"['0.48', '0.48']",0.48
767,VRC01,ME178_G6_16,VRC01__ME178_G6_16,"['0.4', '0.4']",0.4
768,VRC01,MG505_W0M_A2,VRC01__MG505_W0M_A2,"['0.11', '0.101']",0.10550000000000001
769,VRC01,MGRM_AE_001,VRC01__MGRM_AE_001,['0.167'],0.167
770,VRC01,MGRM_AE_002,VRC01__MGRM_AE_002,['0.217'],0.217
771,VRC01,MGRM_AE_003,VRC01__MGRM_AE_003,['0.685'],0.685
772,VRC01,MGRM_AE_004,VRC01__MGRM_AE_004,['0.187'],0.187
773,VRC01,MGRM_AE_005,VRC01__MGRM_AE_005,['0.029'],0.029
774,VRC01,MGRM_AE_006,VRC01__MGRM_AE_006,['4.648'],4.648
775,VRC01,MGRM_AE_007,VRC01__MGRM_AE_007,['0.835'],0.835
776,VRC01,MGRM_AE_008,VRC01__MGRM_AE_008,['1.715'],1.715
777,VRC01,MGRM_AG_001,VRC01__MGRM_AG_001,['0.228'],0.228
778,VRC01,MGRM_AG_002,VRC01__MGRM_AG_002,['0.95'],0.95
779,VRC01,MGRM_AG_003,VRC01__MGRM_AG_003,['0.043'],0.043
780,VRC01,MGRM_AG_005,VRC01__MGRM_AG_005,['0.091'],0.091
781,VRC01,MGRM_AG_006,VRC01__MGRM_AG_006,['0.344'],0.344
782,VRC01,MGRM_AG_008,VRC01__MGRM_AG_008,['0.124'],0.124
783,VRC01,MGRM_AG_010_14,VRC01__MGRM_AG_010_14,['0.104'],0.104
784,VRC01,MGRM_AG_011,VRC01__MGRM_AG_011,['0.084'],0.084
785,VRC01,MGRM_AG_012,VRC01__MGRM_AG_012,['0.031'],0.031
786,VRC01,MGRM_AG_013,VRC01__MGRM_AG_013,['0.197'],0.197
787,VRC01,MGRM_A_003,VRC01__MGRM_A_003,['0.422'],0.422
788,VRC01,MGRM_A_004,VRC01__MGRM_A_004,['1.064'],1.064
789,VRC01,MGRM_A_005,VRC01__MGRM_A_005,['0.095'],0.095
790,VRC01,MGRM_A_006,VRC01__MGRM_A_006,['0.521'],0.521
791,VRC01,MGRM_A_007,VRC01__MGRM_A_007,['12.584'],12.584
792,VRC01,MGRM_A_008,VRC01__MGRM_A_008,['0.303'],0.303
793,VRC01,MGRM_A_009,VRC01__MGRM_A_009,['0.118'],0.118
794,VRC01,MGRM_A_010,VRC01__MGRM_A_010,['0.325'],0.325
795,VRC01,MGRM_A_011,VRC01__MGRM_A_011,['0.273'],0.273
796,VRC01,MGRM_A_013,VRC01__MGRM_A_013,['0.152'],0.152
797,VRC01,MGRM_A_014,VRC01__MGRM_A_014,['0.135'],0.135
798,VRC01,MGRM_CHRONIC_B_001,VRC01__MGRM_CHRONIC_B_001,['0.066'],0.066
799,VRC01,MGRM_CHRONIC_B_002,VRC01__MGRM_CHRONIC_B_002,['0.117'],0.117
800,VRC01,MGRM_CHRONIC_B_003,VRC01__MGRM_CHRONIC_B_003,['0.1'],0.1
801,VRC01,MGRM_CHRONIC_B_004,VRC01__MGRM_CHRONIC_B_004,['0.055'],0.055
802,VRC01,MGRM_CHRONIC_B_008,VRC01__MGRM_CHRONIC_B_008,['0.155'],0.155
803,VRC01,MGRM_CHRONIC_B_010,VRC01__MGRM_CHRONIC_B_010,['0.156'],0.156
804,VRC01,MGRM_CHRONIC_B_011,VRC01__MGRM_CHRONIC_B_011,['0.587'],0.587
805,VRC01,MGRM_CHRONIC_B_012,VRC01__MGRM_CHRONIC_B_012,['1.033'],1.033
806,VRC01,MGRM_CHRONIC_B_014_2,VRC01__MGRM_CHRONIC_B_014_2,['0.829'],0.829
807,VRC01,MGRM_CHRONIC_B_017,VRC01__MGRM_CHRONIC_B_017,['0.141'],0.141
808,VRC01,MGRM_CHRONIC_B_018,VRC01__MGRM_CHRONIC_B_018,['0.328'],0.328
809,VRC01,MGRM_CHRONIC_B_020,VRC01__MGRM_CHRONIC_B_020,['0.424'],0.424
810,VRC01,MGRM_CHRONIC_B_023,VRC01__MGRM_CHRONIC_B_023,['0.275'],0.275
811,VRC01,MGRM_CHRONIC_B_024,VRC01__MGRM_CHRONIC_B_024,['0.377'],0.377
812,VRC01,MGRM_C_001,VRC01__MGRM_C_001,['1.369'],1.369
813,VRC01,MGRM_C_002,VRC01__MGRM_C_002,['0.577'],0.577
814,VRC01,MGRM_C_004,VRC01__MGRM_C_004,['1.007'],1.007
815,VRC01,MGRM_C_005,VRC01__MGRM_C_005,['5.417'],5.417
816,VRC01,MGRM_C_006,VRC01__MGRM_C_006,['2.202'],2.202
817,VRC01,MGRM_C_008,VRC01__MGRM_C_008,['1.445'],1.445
818,VRC01,MGRM_C_009,VRC01__MGRM_C_009,['0.261'],0.261
819,VRC01,MGRM_C_010,VRC01__MGRM_C_010,['0.085'],0.085
820,VRC01,MGRM_C_012,VRC01__MGRM_C_012,['0.073'],0.073
821,VRC01,MGRM_C_015,VRC01__MGRM_C_015,['1.569'],1.569
822,VRC01,MGRM_C_017,VRC01__MGRM_C_017,['0.366'],0.366
823,VRC01,MGRM_C_019,VRC01__MGRM_C_019,['1.126'],1.126
824,VRC01,MGRM_C_020,VRC01__MGRM_C_020,['0.396'],0.396
825,VRC01,MGRM_C_022,VRC01__MGRM_C_022,['12.989'],12.989
826,VRC01,MGRM_C_023,VRC01__MGRM_C_023,['0.077'],0.077
827,VRC01,MGRM_C_024,VRC01__MGRM_C_024,['3.395'],3.395
828,VRC01,MGRM_C_025,VRC01__MGRM_C_025,['2.364'],2.364
829,VRC01,MGRM_C_026,VRC01__MGRM_C_026,['0.707'],0.707
830,VRC01,MGRM_C_027,VRC01__MGRM_C_027,['0.125'],0.125
831,VRC01,MGRM_C_028,VRC01__MGRM_C_028,['0.319'],0.319
832,VRC01,MGRM_D_002,VRC01__MGRM_D_002,['0.252'],0.252
833,VRC01,MGRM_D_003,VRC01__MGRM_D_003,['2.064'],2.064
834,VRC01,MGRM_D_004,VRC01__MGRM_D_004,['1.25'],1.25
835,VRC01,MGRM_D_008,VRC01__MGRM_D_008,['0.854'],0.854
836,VRC01,MGRM_D_011,VRC01__MGRM_D_011,['0.075'],0.075
837,VRC01,MGRM_D_012,VRC01__MGRM_D_012,['0.216'],0.216
838,VRC01,MGRM_D_013,VRC01__MGRM_D_013,['0.087'],0.087
839,VRC01,MGRM_D_014,VRC01__MGRM_D_014,['0.332'],0.332
840,VRC01,MGRM_D_016,VRC01__MGRM_D_016,['0.452'],0.452
841,VRC01,MGRM_D_019,VRC01__MGRM_D_019,['0.119'],0.119
842,VRC01,MGRM_D_020,VRC01__MGRM_D_020,['0.192'],0.192
843,VRC01,MGRM_D_021,VRC01__MGRM_D_021,['33.445'],33.445
844,VRC01,MGRM_D_024,VRC01__MGRM_D_024,['0.366'],0.366
845,VRC01,MGRM_D_026,VRC01__MGRM_D_026,['0.435'],0.435
846,VRC01,MGRM_D_028,VRC01__MGRM_D_028,['0.377'],0.377
847,VRC01,MGRM_D_029,VRC01__MGRM_D_029,['3.224'],3.224
848,VRC01,MGRM_F1_004,VRC01__MGRM_F1_004,['0.305'],0.305
849,VRC01,MGRM_F1_006,VRC01__MGRM_F1_006,['2.856'],2.856
850,VRC01,MGRM_F1_008,VRC01__MGRM_F1_008,['1.114'],1.114
851,VRC01,MGRM_F1_010,VRC01__MGRM_F1_010,['0.097'],0.097
852,VRC01,MGRM_F1_012,VRC01__MGRM_F1_012,['0.488'],0.488
853,VRC01,MGRM_F1_013,VRC01__MGRM_F1_013,['0.17'],0.17
854,VRC01,MGRM_F1_014,VRC01__MGRM_F1_014,['0.056'],0.056
855,VRC01,MGRM_F1_015,VRC01__MGRM_F1_015,['0.387'],0.387
856,VRC01,MGRM_F1_016,VRC01__MGRM_F1_016,['0.517'],0.517
857,VRC01,MGRM_F1_017,VRC01__MGRM_F1_017,['1.077'],1.077
858,VRC01,MGRM_F1_018,VRC01__MGRM_F1_018,['0.032'],0.032
859,VRC01,MGRM_F1_020,VRC01__MGRM_F1_020,['1.89'],1.89
860,VRC01,MGRM_F1_021,VRC01__MGRM_F1_021,['0.039'],0.039
861,VRC01,MGRM_F1_022,VRC01__MGRM_F1_022,['0.055'],0.055
862,VRC01,MGRM_F1_023,VRC01__MGRM_F1_023,['0.392'],0.392
863,VRC01,MGRM_G_001,VRC01__MGRM_G_001,['0.371'],0.371
864,VRC01,MGRM_G_006,VRC01__MGRM_G_006,['0.055'],0.055
865,VRC01,MGRM_G_009,VRC01__MGRM_G_009,['0.073'],0.073
866,VRC01,MGRM_G_011,VRC01__MGRM_G_011,['0.065'],0.065
867,VRC01,MGRM_G_013,VRC01__MGRM_G_013,['0.553'],0.553
868,VRC01,MGRM_G_014,VRC01__MGRM_G_014,['0.056'],0.056
869,VRC01,MGRM_G_015,VRC01__MGRM_G_015,['0.548'],0.548
870,VRC01,MGRM_G_016,VRC01__MGRM_G_016,['0.063'],0.063
871,VRC01,MGRM_G_017,VRC01__MGRM_G_017,['0.124'],0.124
872,VRC01,MGRM_G_019,VRC01__MGRM_G_019,['0.06'],0.06
873,VRC01,MGRM_G_024,VRC01__MGRM_G_024,['0.025'],0.025
874,VRC01,MGRM_G_025,VRC01__MGRM_G_025,['0.292'],0.292
875,VRC01,MGRM_G_027,VRC01__MGRM_G_027,['0.36'],0.36
876,VRC01,MGRM_G_028,VRC01__MGRM_G_028,['0.164'],0.164
877,VRC01,MI206_W0M_D1,VRC01__MI206_W0M_D1,['0.86'],0.86
878,VRC01,MI369_A5,VRC01__MI369_A5,"['0.269', '0.124', '0.269', '0.124', '0.162', '0.434', '0.107', '0.162', '0.124', '0.107', '0.162', '0.162', '0.425', '0.281', '0.522', '0.16', '0.162', '0.124', '0.236', '0.162', '0.228', '0.3914']",0.162
879,VRC01,MJ613_W1M_A2,VRC01__MJ613_W1M_A2,['0.29'],0.29
880,VRC01,ML274_W0M_B1,VRC01__ML274_W0M_B1,['0.26'],0.26
881,VRC01,MN_3,VRC01__MN_3,"['0.011', '6.12', '0.016', '0.016', '0.033', '0.018', '0.022', '0.033', '0.016', '0.022', '0.033', '0.033', '0.023', '0.028', '0.044', '0.03', '0.033', '0.016', '0.02', '0.033', '0.023', '0.0342', '0.01']",0.023
882,VRC01,MS208_A1,VRC01__MS208_A1,"['0.178', '0.033', '0.178', '0.274', '0.033', '0.147', '0.335', '0.05', '0.147', '0.033', '0.101', '0.274', '0.147', '0.147', '0.354', '0.147', '0.229', '0.15', '0.101', '0.147', '0.033', '0.1', '0.174', '0.274', '0.101', '0.101', '0.158', '0.2196', '0.063']",0.147
883,VRC01,MS208_A3,VRC01__MS208_A3,['0.05'],0.05
884,VRC01,MW965_26,VRC01__MW965_26,"['0.029', '0.019', '0.029', '0.019', '0.038', '0.048', '0.056', '0.038', '0.019', '0.056', '0.038', '0.038', '0.07', '0.048', '0.042', '0.052', '0.04', '0.038', '0.019', '0.043', '0.038', '0.015', '0.0446']",0.038
885,VRC01,NAB01,VRC01__NAB01,['1.7'],1.7
886,VRC01,NAB01_C14,VRC01__NAB01_C14,['1.712'],1.712
887,VRC01,NAB01_C14_REV,VRC01__NAB01_C14_REV,['4.411'],4.411
888,VRC01,NAB01_C21,VRC01__NAB01_C21,['0.534'],0.534
889,VRC01,NAB01_C21_REV,VRC01__NAB01_C21_REV,['13.672'],13.672
890,VRC01,NAB01_C24,VRC01__NAB01_C24,['0.261'],0.261
891,VRC01,NAB01_PA,VRC01__NAB01_PA,['0.733'],0.733
892,VRC01,NAB13PRE_CL_9,VRC01__NAB13PRE_CL_9,['0.0838'],0.0838
893,VRC01,NAB5PRE_CL_1,VRC01__NAB5PRE_CL_1,['3.9'],3.9
894,VRC01,NAB9PRE_CL_106,VRC01__NAB9PRE_CL_106,['0.842'],0.842
895,VRC01,NKU3006_EC1,VRC01__NKU3006_EC1,"['0.596', '0.488', '0.596', '0.488', '0.506', '0.766', '0.506', '0.506', '0.848', '0.532', '0.549', '0.57', '0.506', '0.488', '0.46', '0.758', '0.57', '0.57', '0.468', '0.5422']",0.5371
896,VRC01,NL43,VRC01__NL43,"['0.08', '0.114', '0.08', '0.1']",0.09
897,VRC01,P0402_C2_11,VRC01__P0402_C2_11,"['0.108', '0.21', '0.264', '0.221', '0.165', '0.21', '0.207', '0.21', '0.071', '0.1654', '0.04']",0.207
898,VRC01,P08,VRC01__P08,['1.736'],1.736
899,VRC01,P11,VRC01__P11,['3.131'],3.131
900,VRC01,P1741_A2,VRC01__P1741_A2,['2.183'],2.183
901,VRC01,P1981_C5_3,VRC01__P1981_C5_3,"['0.33', '0.33', '0.302', '0.46', '0.414', '0.302', '0.378', '0.322', '0.291', '0.46', '0.46', '0.336', '0.46', '0.243', '0.3264', '0.203']",0.33
902,VRC01,PRB926_04_A9_4237,VRC01__PRB926_04_A9_4237,['0.1'],0.1
903,VRC01,PVO_4,VRC01__PVO_4,"['0.259', '0.552', '0.707', '0.552', '0.574', '0.707', '0.55', '0.386', '0.567', '0.55', '0.216', '0.386', '0.707', '0.216', '0.443', '0.574', '0.386', '0.386', '1.09', '0.659', '0.387', '0.455', '0.479', '0.39', '0.216', '0.386', '1.04', '0.707', '0.684', '0.22', '0.511', '1.04', '0.218', '0.8', '0.254', '1', '0.216', '0.216', '0.491', '0.508', '0.192', '0.609']",0.4995
904,VRC01,Q168_A2,VRC01__Q168_A2,"['0.041', '0.098', '0.15', '0.098', '0.15', '0.14', '0.126', '0.15', '0.115', '0.14', '0.15', '0.115', '0.42', '0.14', '0.14', '0.14', '0.124', '0.093', '0.073', '0.086', '0.14', '0.15', '0.101', '0.059', '0.115', '0.115', '0.062', '0.1116', '0.056', '0.07']",0.115
905,VRC01,Q168_B23,VRC01__Q168_B23,['0.17'],0.17
906,VRC01,Q23_17,VRC01__Q23_17,"['0.047', '0.052', '0.084', '0.052', '0.087', '0.084', '0.086', '0.092', '0.09', '0.085', '0.086', '0.084', '0.085', '0.043', '0.36', '0.086', '0.086', '0.081', '0.077', '0.069', '0.096', '0.184', '0.09', '0.085', '0.086', '0.084', '0.118', '0.09', '0.099', '0.092', '1.1', '0.064', '0.085', '0.085', '0.07', '0.0854', '0.038', '0.075']",0.085
907,VRC01,Q259_17,VRC01__Q259_17,"['0.075', '0.067', '0.075', '0.069', '0.067', '0.051', '0.074', '0.06', '0.066', '0.051', '0.067', '0.066', '0.28', '0.069', '0.051', '0.051', '0.18', '0.084', '0.07', '0.077', '0.05', '0.17', '0.051', '0.067', '0.17', '0.085', '0.069', '0.055', '0.0856', '0.114']",0.069
908,VRC01,Q259_D2_26,VRC01__Q259_D2_26,['0.43'],0.43
909,VRC01,Q259_W6,VRC01__Q259_W6,"['0.17', '0.17', '0.34', '0.17', '0.17']",0.17
910,VRC01,Q461_C2,VRC01__Q461_C2,['0.45'],0.45
911,VRC01,Q461_D1_PNS0D,VRC01__Q461_D1_PNS0D,['0.29'],0.29
912,VRC01,Q461_E2,VRC01__Q461_E2,"['0.497', '0.339', '0.497', '0.435', '0.339', '0.41', '0.569', '0.38', '0.492', '0.41', '0.339', '0.492', '0.58', '0.435', '0.41', '0.41', '0.65', '0.486', '0.477', '0.515', '0.492', '0.41', '0.339', '0.49', '0.42', '0.435', '0.492', '0.492', '0.716', '0.766', '0.195']",0.477
913,VRC01,Q769_B9_PNS79D,VRC01__Q769_B9_PNS79D,['0.17'],0.17
914,VRC01,Q769_D22,VRC01__Q769_D22,"['0.035', '0.012', '0.035', '0.043', '0.012', '0.012', '0.015', '0.038', '0.01', '0.23', '0.043', '0.015', '0.015', '0.12', '0.034', '0.035', '0.052', '0.02', '0.084', '0.015', '0.012', '0.08', '0.036', '0.043', '0.031', '0.0418', '0.025']",0.035
915,VRC01,Q769_H5,VRC01__Q769_H5,"['0.062', '0.062', '0.026', '0.02', '0.014', '0.084', '0.014', '0.026', '0.084', '0.41', '0.014', '0.014', '0.06', '0.062', '0.055', '0.058', '0.014', '0.026', '0.165', '0.072', '0.005', '0.084', '0.084', '0.045', '0.0654']",0.058
916,VRC01,Q842_D12,VRC01__Q842_D12,"['0.014', '0.038', '0.013', '0.038', '0.043', '0.013', '0.006', '0.036', '0.01', '0.03', '0.006', '0.013', '0.03', '0.017', '0.13', '0.043', '0.006', '0.006', '0.09', '0.027', '0.037', '0.029', '0.01', '0.006', '0.013', '0.0574', '0.03', '0.034', '0.043', '0.03', '0.03', '0.021', '0.0336', '0.031']",0.03
917,VRC01,Q842_D14,VRC01__Q842_D14,['0.37'],0.37
918,VRC01,Q842_D16,VRC01__Q842_D16,['0.52'],0.52
919,VRC01,QA013_70I_H1,VRC01__QA013_70I_H1,['0.81'],0.81
920,VRC01,QA255_21P_A15,VRC01__QA255_21P_A15,['0.82'],0.82
921,VRC01,QA790_204I_A4,VRC01__QA790_204I_A4,['0.06'],0.06
922,VRC01,QA790_204I_C1,VRC01__QA790_204I_C1,['0.05'],0.05
923,VRC01,QA790_204I_C8,VRC01__QA790_204I_C8,['0.12'],0.12
924,VRC01,QA790_204I_E2,VRC01__QA790_204I_E2,['0.11'],0.11
925,VRC01,QB099_391M_B1,VRC01__QB099_391M_B1,['0.43'],0.43
926,VRC01,QB099_391M_C8,VRC01__QB099_391M_C8,['0.15'],0.15
927,VRC01,QB726_70M_B3,VRC01__QB726_70M_B3,['0.72'],0.72
928,VRC01,QD435_100M_A4,VRC01__QD435_100M_A4,['0.35'],0.35
929,VRC01,QD435_100M_B5,VRC01__QD435_100M_B5,['0.51'],0.51
930,VRC01,QD435_100M_E1,VRC01__QD435_100M_E1,['0.59'],0.59
931,VRC01,QG393_60M_A1,VRC01__QG393_60M_A1,['0.04'],0.04
932,VRC01,QG393_60M_B7,VRC01__QG393_60M_B7,['0.06'],0.06
933,VRC01,QG393_60M_B8,VRC01__QG393_60M_B8,['0.03'],0.03
934,VRC01,QG984_21M_A3,VRC01__QG984_21M_A3,['0.1'],0.1
935,VRC01,QH0515_1,VRC01__QH0515_1,"['1.43', '0.997', '1.43', '0.997', '0.23', '0.523', '1.31', '0.386', '0.52', '0.997', '0.386', '0.523', '0.523', '0.52', '1.44', '1.17', '0.987', '0.52', '0.52', '0.997', '1.01', '1', '0.386', '0.386', '0.624', '1.148']",0.8055
936,VRC01,QH0692_42,VRC01__QH0692_42,"['1.37', '1.84', '1.37', '1.66', '1.84', '1', '1.16', '1.96', '1.5', '1.5', '1.16', '1.84', '1.5', '1.66', '1.16', '1.16', '1.72', '1.54', '1.64', '2.03', '4.33', '1.16', '1.5', '1.16', '1.84', '3.96', '1.5', '1.54', '1.194', '1.13', '1.5', '1.5', '0.575', '1.584', '1.96']",1.5
937,VRC01,QH209_14M_A2,VRC01__QH209_14M_A2,"['0.06', '0.008', '0.06', '0.008', '0.024', '0.043', '0.17', '0.0243', '0.024', '0.043', '0.042', '0.055', '0.02', '0.024', '0.008', '0.026', '0.024', '0.019', '0.0456']",0.0243
938,VRC01,R1166_C1,VRC01__R1166_C1,"['3', '1.87', '3', '2.63', '1.87', '1.774', '3.14', '2.63', '1.77365', '1.77', '2.5', '0.885', '0.887', '1.8', '1.77', '1.87', '1.7', '2.09', '1.7', '1.7', '2.02', '0.9166', '0.488']",1.8
939,VRC01,R18553,VRC01__R18553,['0.291'],0.291
940,VRC01,R2,VRC01__R2,"['0.251', '0.198', '0.198']",0.198
941,VRC01,R2184_C4,VRC01__R2184_C4,"['0.133', '0.068', '0.133', '0.093', '0.068', '0.052', '0.172', '0.093', '0.052', '0.052', '0.117', '0.109', '0.095', '0.08', '0.052', '0.068', '0.08', '0.106', '0.08', '0.08', '0.094', '0.1056', '0.103']",0.093
942,VRC01,R3265_C6,VRC01__R3265_C6,"['0.71', '0.054', '0.71', '0.486', '0.054', '0.731', '0.731', '0.731', '0.147', '0.454', '0.602', '0.38', '0.731', '0.054', '0.45', '0.382', '0.45', '0.45', '0.594', '0.5638', '0.126']",0.454
943,VRC01,R880F_ENV,VRC01__R880F_ENV,['0.121'],0.121
944,VRC01,RBF208,VRC01__RBF208,"['3.64', '3.64']",3.64
945,VRC01,REJO4541_67,VRC01__REJO4541_67,"['0.113', '0.046', '0.113', '0.071', '0.046', '0.01', '0.045', '0.116', '0.05', '0.062', '0.045', '0.046', '0.062', '0.045', '0.071', '0.045', '0.045', '0.34', '0.088', '0.103', '0.086', '0.05', '0.062', '0.045', '0.11', '0.046', '0.296', '0.06', '0.075', '0.11', '0.062', '0.062', '0.083', '0.103', '0.106']",0.062
946,VRC01,RHPA4259_7,VRC01__RHPA4259_7,"['0.051', '0.045', '0.051', '0.032', '0.045', '0.019', '0.047', '0.066', '0.05', '0.06', '0.047', '0.045', '0.06', '0.047', '0.032', '0.047', '0.047', '0.12', '0.062', '0.063', '0.05', '0.05', '0.06', '0.047', '0.01', '0.05', '0.045', '0.0496', '0.06', '0.034', '0.05', '0.06', '0.06', '0.056', '0.0636', '0.035']",0.05
947,VRC01,S018_18,VRC01__S018_18,"['0.049', '0.058', '0.052', '0.058', '0.052', '0.071', '0.066', '0.069', '0.071', '0.052', '0.069', '0.051', '0.071', '0.071', '0.066', '0.058', '0.059', '0.07', '0.071', '0.052', '0.052', '0.069', '0.069', '0.052', '0.0408', '0.097']",0.0625
948,VRC01,SA32,VRC01__SA32,['0.927'],0.927
949,VRC01,SC05_8C11_2344,VRC01__SC05_8C11_2344,"['0.473', '0.64', '0.473', '0.64', '0.64', '0.508']",0.5740000000000001
950,VRC01,SC11_59,VRC01__SC11_59,['2.7'],2.7
951,VRC01,SC12_10,VRC01__SC12_10,['0.28'],0.28
952,VRC01,SC14_49,VRC01__SC14_49,['1.48'],1.48
953,VRC01,SC17_32,VRC01__SC17_32,['1.6'],1.6
954,VRC01,SC18_26,VRC01__SC18_26,['0.79'],0.79
955,VRC01,SC19_15,VRC01__SC19_15,"['1.31', '0.19', '0.19']",0.19
956,VRC01,SC20_15,VRC01__SC20_15,['0.43'],0.43
957,VRC01,SC21_28,VRC01__SC21_28,['0.71'],0.71
958,VRC01,SC24_40,VRC01__SC24_40,['2.17'],2.17
959,VRC01,SC422_8,VRC01__SC422_8,"['0.127', '0.097', '0.127', '0.12', '0.097', '0.06', '0.132', '0.205', '0.12', '0.076', '0.132', '0.097', '0.076', '0.12', '0.132', '0.132', '0.51', '0.223', '0.168', '0.148', '0.13', '0.076', '0.132', '0.13', '0.097', '0.08', '0.127', '0.13', '0.179', '0.11', '0.37', '0.076', '0.076', '0.169', '0.1424', '0.124']",0.127
960,VRC01,SC45_4B5_2631,VRC01__SC45_4B5_2631,"['0.53', '0.53']",0.53
961,VRC01,SF162,VRC01__SF162,"['0.228', '0.108', '0.228', '0.108', '0.237', '0.282', '0.139', '0.237', '0.108', '0.139', '0.237', '0.237', '0.48', '0.304', '0.203', '0.246', '0.24', '0.237', '0.02', '0.108', '0.075', '0.207', '0.02', '0.421', '0.844', '0.11', '0.0848', '0.237', '0.266', '0.2848', '0.262']",0.237
962,VRC01,SG3,VRC01__SG3,"['0.014', '0.06']",0.037
963,VRC01,SH188_6,VRC01__SH188_6,['0.16'],0.16
964,VRC01,SH6_81,VRC01__SH6_81,['0.88'],0.88
965,VRC01,SHX335_24,VRC01__SHX335_24,['0.38'],0.38
966,VRC01,SHX346_60,VRC01__SHX346_60,['0.2'],0.2
967,VRC01,SO032_A2_8_1,VRC01__SO032_A2_8_1,"['1.98', '1.98']",1.98
968,VRC01,SO186_H6_5,VRC01__SO186_H6_5,"['0.07', '0.07']",0.07
969,VRC01,SO225_H11_12,VRC01__SO225_H11_12,"['2.06', '2.06']",2.06
970,VRC01,SO405_T24_5,VRC01__SO405_T24_5,"['3.41', '3.41']",3.41
971,VRC01,SO431_C1_1,VRC01__SO431_C1_1,"['0.56', '0.56']",0.56
972,VRC01,SO607_B6_9,VRC01__SO607_B6_9,"['0.49', '0.49']",0.49
973,VRC01,SO706_T10B_3,VRC01__SO706_T10B_3,"['2.21', '2.21']",2.21
974,VRC01,SS1196_1,VRC01__SS1196_1,"['0.246', '0.175', '0.246', '0.175', '0.276', '0.359', '0.17', '0.276', '0.175', '0.17', '0.276', '0.276', '0.276', '0.411', '0.265', '0.185', '0.28', '0.276', '0.175', '0.304', '0.276', '0.283', '0.2548', '0.166']",0.2705
975,VRC01,T250_4,VRC01__T250_4,['49.4'],49.4
976,VRC01,T251_18,VRC01__T251_18,"['4.42', '3.26', '4.42', '3.24', '3.26', '3.58', '5.38', '3.58', '3.24', '3.58', '3.58', '3.96', '3.08', '2.46', '3.58', '3.26', '2.5', '4.21', '2.5', '2.5', '3.4', '3.836', '2.02']",3.4
977,VRC01,T252_7,VRC01__T252_7,"['4.24', '0.77']",2.505
978,VRC01,T253_11,VRC01__T253_11,"['0.501', '0.455', '0.501', '0.455', '0.265', '0.601', '0.265', '0.265', '0.55', '0.321', '0.316', '0.265', '0.455', '0.397', '0.47', '0.47', '0.288', '0.34']",0.42600000000000005
979,VRC01,T255_34,VRC01__T255_34,"['0.725', '0.391', '0.725', '0.326', '0.391', '0.252', '0.699', '0.326', '0.252', '0.252', '0.572', '0.45', '0.414', '0.252', '0.391', '0.7', '0.5', '0.7', '0.7', '0.523', '0.4584', '0.229']",0.432
980,VRC01,T257_31,VRC01__T257_31,"['2.47', '2.08', '2.47', '1.86', '2.08', '1.677', '2.14', '1.86', '1.67692', '1.68', '2.74', '1.31', '1.33', '1.68', '2.08', '2.8', '1.72', '2.8', '2.8', '1.94', '1.544', '1.61']",1.9
981,VRC01,T266_60,VRC01__T266_60,"['2.37', '0.255', '2.37', '0.255', '0.353', '3.69', '0.353', '0.353', '0.353', '2.51', '2.58', '1.86', '0.353', '0.255', '1.81', '1.2', '1.2', '2.2', '2.13']",1.2
982,VRC01,T280_5,VRC01__T280_5,"['0.059', '0.063', '0.059', '0.063', '0.017', '0.01741', '0.017', '0.023', '0.049', '0.047', '0.017', '0.063', '0.032', '0.02', '0.02', '0.022', '0.0428']",0.032
983,VRC01,T33_7,VRC01__T33_7,"['0.019', '0.023', '0.019', '0.023', '0.026', '0.023', '0.023', '0.009', '0.021', '0.023', '0.023', '0.018', '0.03', '0.023', '0.017', '0.0236']",0.023
984,VRC01,TH023_6,VRC01__TH023_6,"['9.15', '0.464', '0.35', '1.19', '0.546', '0.405', '1.0604']",0.546
985,VRC01,TH966_8,VRC01__TH966_8,"['0.284', '0.297', '0.284', '0.297', '0.331', '0.446', '0.334', '0.331', '0.297', '0.334', '0.331', '0.331', '0.284', '0.468', '0.598', '0.331', '0.297', '0.39', '0.026', '0.33', '0.334', '0.311', '0.4892']",0.331
986,VRC01,TH976_17,VRC01__TH976_17,"['0.332', '0.19', '0.332', '0.19', '0.066', '0.456', '0.13', '0.087', '0.066', '0.19', '0.087', '0.066', '0.066', '0.33', '0.323', '0.251', '0.066', '0.19', '0.299', '0.09', '0.087', '0.293', '0.3416']",0.19
987,VRC01,THRO4156,VRC01__THRO4156,"['4.63', '5.77', '4.63', '6.24', '5.77', '4.42', '7.76', '5.1', '2.25', '4.42', '5.77', '2.25', '6.24', '4.42', '4.42', '4.05', '5.6', '5.34', '3.99', '4.42', '2.3', '4.42', '5.77', '2.3', '3.16', '2.461', '1.49', '2.3', '2.3', '4.23', '4.392']",4.42
988,VRC01,TRJO4551_58,VRC01__TRJO4551_58,"['0.116', '0.069', '0.116', '0.132', '0.069', '0.076', '0.079', '0.177', '0.07', '0.083', '0.079', '0.069', '0.083', '0.132', '0.079', '0.079', '0.41', '0.107', '0.084', '0.128', '0.115', '0.08', '0.083', '0.079', '0.069', '0.08', '0.101', '0.06', '0.078', '0.083', '0.083', '0.121', '0.1282', '0.057']",0.083
989,VRC01,TRO_11,VRC01__TRO_11,"['0.233', '0.502', '0.26', '0.502', '0.682', '0.26', '0.13', '0.43', '0.343', '0.73', '0.3', '0.207', '0.343', '0.26', '0.207', '0.235', '0.682', '0.343', '0.343', '0.77', '0.456', '0.366', '0.586', '0.418', '0.58', '0.34', '0.207', '0.343', '0.34', '0.26', '0.556', '0.21', '0.469', '0.34', '0.186', '0.52', '0.409', '0.2162', '0.4', '0.4943', '0.207', '0.207', '0.509', '0.6194', '0.231', '0.404']",0.343
990,VRC01,TZBD_02,VRC01__TZBD_02,"['0.078', '0.07', '0.078', '0.07', '0.072', '0.065', '0.109', '0.072', '0.07', '0.109', '0.07225', '0.072', '0.053', '0.071', '0.064', '0.07', '0.072', '0.07', '0.043', '0.109', '0.109', '0.065', '0.1112']",0.072
991,VRC01,UG021_16,VRC01__UG021_16,"['0.443', '0.443', '0.266', '0.266', '0.266', '0.21', '0.317', '0.301', '0.266', '0.567', '0.451', '0.266', '0.589', '0.5112']",0.309
992,VRC01,UG024_2,VRC01__UG024_2,"['0.157', '0.157', '0.106', '0.156', '0.106', '0.157', '0.156', '0.106', '0.106', '0.178', '0.179', '0.319', '0.106', '0.157', '0.875', '0.219', '0.576', '0.16', '0.156', '0.138', '0.2792']",0.157
993,VRC01,UG037_8,VRC01__UG037_8,"['0.056', '0.089', '0.135', '0.089', '0.135', '0.035', '0.126', '0.09', '0.079', '0.035', '0.135', '0.079', '0.046', '0.035', '0.035', '0.108', '0.104', '0.081', '0.3', '0.04', '0.035', '0.137', '0.13', '0.135', '0.073', '0.13', '0.245', '0.079', '0.079', '0.083', '0.1094', '0.041']",0.086
994,VRC01,UG037_8_K651N,VRC01__UG037_8_K651N,['0.098'],0.098
995,VRC01,VA40774,VRC01__VA40774,['0.47'],0.47
996,VRC01,VI1090,VRC01__VI1090,['0.16'],0.16
997,VRC01,VI1090_N276D,VRC01__VI1090_N276D,['0.03'],0.03
998,VRC01,VI829,VRC01__VI829,['0.9'],0.9
999,VRC01,VI829_N276D,VRC01__VI829_N276D,['0.07'],0.07
1000,VRC01,VLGC_A1,VRC01__VLGC_A1,['0.163'],0.163
1001,VRC01,VLGC_B3,VRC01__VLGC_B3,['0.108'],0.108
1002,VRC01,WEAU_D15_410,VRC01__WEAU_D15_410,"['0.098', '0.098', '0.12', '0.12', '0.22', '0.12', '0.076']",0.12
1003,VRC01,WITO4160_33,VRC01__WITO4160_33,"['0.19', '0.14', '0.11', '0.14', '0.159', '0.11', '0.038', '0.112', '0.157', '0.11', '0.148', '0.112', '0.11', '0.148', '0.112', '0.159', '0.112', '0.112', '0.149', '0.149', '0.157', '0.62', '0.11', '0.148', '0.112', '0.2', '0.11', '0.0857', '0.15', '0.102', '0.2', '0.23', '0.148', '0.148', '0.15', '0.1402', '0.055']",0.1402
1004,VRC01,X1100_C7,VRC01__X1100_C7,['1.3'],1.3
1005,VRC01,X1193_C1,VRC01__X1193_C1,"['0.154', '0.154', '0.149', '0.11', '0.194', '0.149', '0.207', '0.151', '0.126', '0.11', '0.11', '0.124', '0.11', '0.131', '0.1672', '0.098']",0.14
1006,VRC01,X1254_C3,VRC01__X1254_C3,"['0.059', '0.059', '0.023', '0.07', '0.051', '0.023', '0.066', '0.073', '0.074', '0.07', '0.07', '0.055', '0.07', '0.048', '0.0544', '0.039']",0.059
1007,VRC01,X1632_S2_B10,VRC01__X1632_S2_B10,"['0.13', '0.13', '0.04', '0.12', '0.12', '0.133', '0.04', '0.31', '0.166', '0.178', '0.118', '0.12', '0.29', '0.12', '0.131', '0.29', '0.15', '0.023', '0.1063', '0.1063', '0.12', '0.088', '0.1608', '0.338']",0.125
1008,VRC01,X1854_C2_10,VRC01__X1854_C2_10,"['0.14', '0.14']",0.14
1009,VRC01,X2131_C1_B5,VRC01__X2131_C1_B5,"['0.537', '0.537', '0.51', '0.274', '0.431', '0.42', '0.51', '0.51', '0.467', '0.51', '0.339', '0.5458', '0.073']",0.51
1010,VRC01,X2160_C25,VRC01__X2160_C25,"['0.84', '0.84']",0.84
1011,VRC01,X2252_C7,VRC01__X2252_C7,['0.36'],0.36
1012,VRC01,X2278_C2_B6,VRC01__X2278_C2_B6,"['0.133', '0.133', '0.14', '0.35', '0.164', '0.13', '0.135', '0.1', '0.151', '0.1', '0.066', '0.1691', '0.1691', '0.132', '0.1212']",0.133
1013,VRC01,XJ16_6,VRC01__XJ16_6,"['1.44', '3.5']",2.4699999999999998
1014,VRC01,XJ179_47,VRC01__XJ179_47,['1.22'],1.22
1015,VRC01,XJ180_16,VRC01__XJ180_16,['1.67'],1.67
1016,VRC01,XJ180_29,VRC01__XJ180_29,['0.1'],0.1
1017,VRC01,XJ47_5,VRC01__XJ47_5,['2.05'],2.05
1018,VRC01,XJ50_6,VRC01__XJ50_6,['2.2'],2.2
1019,VRC01,YN108R_4,VRC01__YN108R_4,['1.15'],1.15
1020,VRC01,YN112R_8,VRC01__YN112R_8,['1.74'],1.74
1021,VRC01,YN148R_9,VRC01__YN148R_9,"['1.19', '2.02']",1.605
1022,VRC01,YN177_1,VRC01__YN177_1,['0.81'],0.81
1023,VRC01,YN189_52,VRC01__YN189_52,['1.39'],1.39
1024,VRC01,YN192_31,VRC01__YN192_31,"['0.32', '0.32']",0.32
1025,VRC01,YN6_23,VRC01__YN6_23,['0.59'],0.59
1026,VRC01,YU2,VRC01__YU2,"['0.081', '0.113', '0.12', '0.113', '0.12', '0.077', '0.055', '0.14', '0.126', '0.134', '0.055', '0.12', '0.126', '0.081', '0.055', '0.055', '0.131', '0.101', '0.06', '0.076', '0.06', '0.126', '0.055', '0.12', '0.12', '0.076', '0.034', '0.126', '0.126', '0.061', '0.0666', '0.123', '0.132']",0.113
1027,VRC01,ZA012_29,VRC01__ZA012_29,"['0.384', '0.232', '0.384', '0.232', '0.26', '0.25', '0.3', '0.305', '0.25', '0.232', '0.305', '0.25', '0.25', '0.302', '0.248', '0.26', '0.303', '0.25', '0.25', '0.232', '0.327', '0.088', '0.542', '0.305', '0.305', '0.219', '0.2972']",0.26
1028,VRC01,ZENV07_0504_15,VRC01__ZENV07_0504_15,['1.01'],1.01
1029,VRC01,ZENV16_1202_7,VRC01__ZENV16_1202_7,['1.17'],1.17
1030,VRC01,ZENV91_0505_12,VRC01__ZENV91_0505_12,['1.05'],1.05
1031,VRC01,ZENV92_1008_8,VRC01__ZENV92_1008_8,['0.998'],0.998
1032,VRC01,ZM106_10,VRC01__ZM106_10,"['0.566', '0.566']",0.566
1033,VRC01,ZM106_9,VRC01__ZM106_9,"['0.166', '0.311', '0.221', '0.19', '0.311', '0.221', '0.16', '0.248', '0.256', '0.489', '0.248', '0.221', '0.489', '0.253', '0.248', '0.248', '0.24', '0.296', '0.254', '0.24', '0.25', '0.248', '0.221', '0.277', '0.264', '0.19', '0.173', '0.489', '0.489', '0.202', '0.2386', '0.193']",0.248
1034,VRC01,ZM109_32,VRC01__ZM109_32,"['0.091', '0.091']",0.091
1035,VRC01,ZM109_4,VRC01__ZM109_4,"['0.318', '0.177', '0.062', '0.21', '0.177', '0.105', '0.062', '0.134', '0.15', '0.1', '0.128', '0.134', '0.062', '0.128', '0.067', '0.105', '0.134', '0.134', '0.17', '0.113', '0.181', '0.103', '0.13', '0.128', '0.134', '0.11', '0.062', '0.13', '0.142', '0.11', '0.21', '0.128', '0.128', '0.171', '0.1518', '0.074', '0.156']",0.13
1036,VRC01,ZM135_10A,VRC01__ZM135_10A,"['2.25', '0.689', '0.58', '2.25', '1.92', '0.689', '1.28', '1.66', '0.98', '0.346', '1.28', '0.689', '0.346', '1.92', '1.28', '1.28', '1.2', '1.67', '1.18', '1.28', '0.346', '1.28', '0.689', '0.35', '1.4', '0.58', '0.346', '0.346', '1.02', '1.288', '0.102']",1.18
1037,VRC01,ZM135_8A,VRC01__ZM135_8A,"['0.374', '0.374']",0.374
1038,VRC01,ZM146_7,VRC01__ZM146_7,"['0.46', '0.333', '0.46', '0.333']",0.3965
1039,VRC01,ZM176_66,VRC01__ZM176_66,"['0.045', '0.083', '0.055', '0.083', '0.055', '0.038', '0.065', '0.055', '0.038', '0.055', '0.055', '0.026', '0.038', '0.038', '0.049', '0.053', '0.057', '0.04', '0.038', '0.055', '0.045', '0.055', '0.055', '0.069', '0.0504', '0.062']",0.055
1040,VRC01,ZM181_6,VRC01__ZM181_6,"['1.12', '1.12', '1.1']",1.12
1041,VRC01,ZM197_7,VRC01__ZM197_7,"['0.719', '0.428', '0.581', '0.45', '0.428', '0.58', '0.581', '0.624', '0.966', '0.6', '0.36', '0.624', '0.581', '0.36', '0.58', '0.624', '0.624', '0.476', '0.568', '0.793', '0.62', '0.36', '0.624', '0.581', '0.36', '0.532', '0.45', '0.36', '0.36', '0.417', '0.6026', '0.17']",0.58
1042,VRC01,ZM214_15,VRC01__ZM214_15,"['0.893', '0.51', '0.63', '0.893', '1.34', '0.51', '0.881', '2.09', '0.7', '0.44', '0.881', '0.51', '0.44', '0.273', '1.34', '0.881', '0.881', '1.4', '1.04', '0.977', '0.88', '0.44', '0.881', '2.64', '0.51', '3.45', '0.44', '0.957', '2.64', '0.63', '0.44', '0.44', '1.05', '1.2016', '0.612']",0.881
1043,VRC01,ZM215_8,VRC01__ZM215_8,"['0.215', '0.054', '0.17', '0.215', '0.054', '0.276', '0.442', '0.095', '0.276', '0.054', '0.095', '0.276', '0.276', '0.377', '0.295', '0.303', '0.28', '0.095', '0.276', '0.054', '0.362', '0.17', '0.095', '0.095', '0.282', '0.4008']",0.2455
1044,VRC01,ZM233_6,VRC01__ZM233_6,"['2.021', '1.02', '2.24', '1.67', '1.02', '4.99', '2.24', '4.25', '2.51', '1.99', '4.25', '2.24', '1.99', '1.28', '4.99', '4.25', '4.25', '2.8', '2.04', '1.3', '4.25', '2', '4.25', '2.24', '16.8', '2', '1.98', '1.67', '2', '2', '1.43', '3.366', '1.41']",2.04
1045,VRC01,ZM246F,VRC01__ZM246F,"['7', '7', '10.7']",7.0
1046,VRC01,ZM247_V1,VRC01__ZM247_V1,"['0.35', '0.304', '0.304', '0.35', '0.236']",0.304
1047,VRC01,ZM249_1,VRC01__ZM249_1,"['0.057', '0.062', '0.06', '0.057', '0.093', '0.062', '0.082', '0.128', '0.07', '0.048', '0.082', '0.062', '0.048', '0.032', '0.093', '0.082', '0.082', '0.24', '0.112', '0.119', '0.114', '0.08', '0.082', '0.062', '0.197', '0.05', '0.107', '0.06', '0.048', '0.048', '0.102', '0.1098', '0.05']",0.08
1048,VRC01,ZM53_12,VRC01__ZM53_12,"['0.095', '0.625', '0.744', '1.04', '0.625', '1.07', '0.744', '1.31', '1.57', '1.31', '0.839', '0.744', '1.31', '0.635', '1.07', '0.839', '0.839', '1.05', '1.02', '0.985', '3.93', '0.84', '0.839', '0.744', '1.02', '1.3', '0.702', '1.04', '1.3', '1.3', '0.841', '1.2', '0.917']",0.985
1049,VRC01,ZM53_21,VRC01__ZM53_21,"['1.16', '1.16']",1.16
1050,VRC01,ZM55_28A,VRC01__ZM55_28A,"['0.285', '0.197', '0.33', '0.285', '0.197', '0.24', '0.144', '0.411', '0.34', '0.144', '0.197', '0.34', '0.144', '0.144', '0.278', '0.345', '0.289', '0.381', '0.14', '0.144', '0.197', '0.241', '0.33', '0.313', '0.34', '0.34', '0.378', '0.2934']",0.285
1051,VRC01,ZM55_4A,VRC01__ZM55_4A,"['0.45', '0.45']",0.45
